Document_ID,Sector,Project_Name,Type,URL,Filename,Status,Message,File_Size
4.016,Obrana,Rekonštrukcia leteckej základne Sliač (aktualizácia pred podpisom zmluvy),hodnotenie,https://www.mfsr.sk/files/archiv/28/mo_sliac_aktualizacia_zmluva_20250123.pdf,4.016.pdf,Success,"Success: 151,874 bytes",151874
4.026,Obrana,Rekonštrukcia leteckej základne Sliač (aktualizácia pred podpisom zmluvy),štúdia uskutočniteľnosti,https://www.mosr.sk/data/files/5761_priloha-7-formular-na-aktualizaciu-studie-uskutocnitelnosti-pred-vytvorenim-zavazku-podpisom-zmluvy-final.pdf,4.026.pdf,Success,"Success: 115,031 bytes",115031
4.015,Obrana,Rekonštrukcia leteckej základne Sliač (aktualizácia),hodnotenie,https://www.mfsr.sk/files/archiv/28/MO_Sliac_aktualizacia_20241004.pdf,4.015.pdf,Success,"Success: 169,855 bytes",169855
4.022,Obrana,Rekonštrukcia leteckej základne Sliač (aktualizácia),štúdia uskutočniteľnosti,https://www.mosr.sk/data/files/5691_semai-195-20-2024.pdf,4.022.pdf,Success,"Success: 136,685 bytes",136685
4.014,Obrana,"Obstaranie útočnej pušky 5,56 mm s príslušenstvom",hodnotenie,https://www.mfsr.sk/files/archiv/48/UHP_Hodnotenie_Utocne-pusky.pdf,4.014.pdf,Success,"Success: 414,773 bytes",414773
4.024,Obrana,"Obstaranie útočnej pušky 5,56 mm s príslušenstvom",štúdia uskutočniteľnosti,https://www.mosr.sk/data/files/5222_tudia-uskutocnitelnosti-obstarania-556mm-utocnej-pusky-s-prislusenstvom.pdf,4.024.pdf,Success,"Success: 2,579,365 bytes",2579365
4.013,Obrana,Akvizícia palebných prostriedkov protivzdušnej obrany – prvá etapa (aktualizácia),analýza,https://www.mfsr.sk/files/archiv/6/UHP_MO_Aktualizacia_PVO.pdf,4.013.pdf,Success,"Success: 708,799 bytes",708799
4.019,Obrana,Akvizícia palebných prostriedkov protivzdušnej obrany – prvá etapa (aktualizácia),štúdia uskutočniteľnosti,https://www.mosr.sk/data/files/5202_formular-na-aktualizaciu-studie-uskutocnitelnosti-obstarania-pp-pvo-prva-etapa.pdf,4.019.pdf,Success,"Success: 680,265 bytes",680265
4.012,Obrana,Obstarávanie stavby na leteckej základni Sliač,analýza,https://www.mfsr.sk/files/archiv/51/LZ-Sliac_hodnotenie_UHP.pdf,4.012.pdf,Success,"Success: 370,252 bytes",370252
4.023,Obrana,Obstarávanie stavby na leteckej základni Sliač,štúdia uskutočniteľnosti,https://www.mosr.sk/data/files/5064_zverejnenie-studie-uskutocnitelnosti-obstaravania-stavby-na-leteckej-zakladni-sliac.pdf,4.023.pdf,Success,"Success: 231,392 bytes",231392
4.011,Obrana,Akvizícia prostriedkov protivzdušnej obrany (projektový zámer),analýza,https://www.mfsr.sk/files/archiv/93/Hodnotenie_PVO.pdf,4.011.pdf,Success,"Success: 435,566 bytes",435566
4.02,Obrana,Akvizícia prostriedkov protivzdušnej obrany (projektový zámer),štúdia uskutočniteľnosti,https://www.mosr.sk/data/files/5029_tudia-uskutocnitelnosti-obstarania-pp-pvo-.pdf,4.02.pdf,Success,"Success: 1,198,203 bytes",1198203
4.01,Obrana,Obstaranie Pásových bojových obrnených vozidiel a Pásových obrnených vozidiel (aktualizácia),analýza,https://www.mfsr.sk/files/archiv/86/MO_Aktualizacia_PBOV_20221212.pdf,4.01.pdf,Success,"Success: 1,102,971 bytes",1102971
4.009,Obrana,Aktualizácia hodnotenia projektu Bojových obrnených vozidiel 8x8,analýza,https://www.mfsr.sk/files/archiv/68/Aktualizacia_BOV8x8_20220824.pdf,4.009.pdf,Success,"Success: 482,003 bytes",482003
4.017,Obrana,Aktualizácia hodnotenia projektu Bojových obrnených vozidiel 8x8,štúdia uskutočniteľnosti,https://www.mosr.sk/data/files/4801_tudia-uskutocnitelnosti-pre-obstaranie-bov-8x8-ver-12.pdf,4.017.pdf,Success,"Success: 3,637,696 bytes",3637696
4.008,Obrana,Obstaranie Pásových bojových obrnených vozidiel a Pásových obrnených vozidiel,analýza,https://www.mfsr.sk/files/archiv/56/Hodnotenie_PBOV_a_POV_20220628.pdf,4.008.pdf,Success,"Success: 714,012 bytes",714012
4.025,Obrana,Obstaranie Pásových bojových obrnených vozidiel a Pásových obrnených vozidiel,štúdia uskutočniteľnosti,https://www.mosr.sk/data/files/4770_tudia-uskutocnitelnosti-pbov-a-pov.pdf,4.025.pdf,Success,"Success: 3,021,081 bytes",3021081
4.007,Obrana,Obstaranie Bojových obrnených vozidiel 8x8 (aktualizácia),analýza,https://www.mfsr.sk/files/archiv/77/Hodnotenie_BOV8x8_20220330.pdf,4.007.pdf,Success,"Success: 910,035 bytes",910035
4.027,Obrana,Obstaranie Bojových obrnených vozidiel 8x8 (aktualizácia),štúdia uskutočniteľnosti,https://www.mosr.sk/data/files/4664_tudia_uskutocnitelnosti_obstarania_bov_8x8.pdf,4.027.pdf,Success,"Success: 2,530,596 bytes",2530596
4.005,Obrana,Obstaranie Bojových obrnených vozidiel 8x8,analýza,https://www.mfsr.sk/files/archiv/2/Hodnotenie_BOV8x8_20210908.pdf,4.005.pdf,Success,"Success: 356,800 bytes",356800
4.006,Obrana,Obstaranie Pásových bojových obrnených vozidiel a Pásových obrnených vozidiel (projektový zámer),analýza,https://www.mfsr.sk/files/archiv/65/Hodnotenie_PBOV_20210908.pdf,4.006.pdf,Success,"Success: 279,218 bytes",279218
4.004,Obrana,Viacúčelové vrtuľníky UH-60M Black Hawk pre plnenia úloh síl špeciálneho určenia,analýza,https://www.mfsr.sk/files/archiv/29/Hodnotenie_Black_Hawk_SOF.pdf,4.004.pdf,Success,"Success: 340,183 bytes",340183
4.021,Obrana,Viacúčelové vrtuľníky UH-60M Black Hawk pre plnenia úloh síl špeciálneho určenia,štúdia uskutočniteľnosti,https://www.mosr.sk/data/files/4378_tudia-uskutocnitelnosti-uh-60m-pre-sso-fondy-usg.pdf,4.021.pdf,Success,"Success: 1,325,381 bytes",1325381
4.003,Obrana,"Obmena rádiolokačnej techniky VzS OS SR (stredný, malý a blízky dosah)",aktualizácia,https://www.mfsr.sk/files/archiv/15/Aktualizaciahodnotenia3DRadary_20210324.pdf,4.003.pdf,Success,"Success: 74,766 bytes",74766
4.002,Obrana,"Obmena rádiolokačnej techniky VzS OS SR (stredný, malý a blízky dosah)",analýza,https://www.mfsr.sk/files/archiv/61/Hodnotenie_3DRadary_20210112.pdf,4.002.pdf,Success,"Success: 307,613 bytes",307613
4.018,Obrana,Hodnotenie nákupu viacúčelových taktických lietadiel,stanovisko,https://www.mfsr.sk/files/archiv/uhp/3370/76/Hodnotenie-nakupu-viacucelovych-taktickych-lietadiel.pdf,4.018.pdf,Success,"Success: 215,802 bytes",215802
4.001,Obrana,Nákup bojových obrnených vozidiel 8x8 a 4x4,analýza,https://www.mfsr.sk/files/archiv/uhp/3370/76/Hodnotenie_bov-4x4-8x8_uhp.pdf,4.001.pdf,Success,"Success: 447,638 bytes",447638
3.033,Budovy,Optimalizácia priestorového zabezpečenia v rezorte zdravotníctva,hodnotenie,https://www.mfsr.sk/files/archiv/83/Hodnotenie_Najom_MZSR_20250702.pdf,3.033.pdf,Success,"Success: 454,539 bytes",454539
3.032,Budovy,Rekonštrukcia internátu Hviezda (aktualizácia pred podpisom zmluvy),hodnotenie,https://www.mfsr.sk/files/sk/financie/hodnota-za-peniaze/hodnotenia/budovy/hodnotenie_hviezda_aktualizacia_pred_podpisom.pdf,3.032.pdf,Success,"Success: 144,335 bytes",144335
3.038,Budovy,Rekonštrukcia internátu Hviezda (aktualizácia pred podpisom zmluvy),štúdia uskutočniteľnosti,https://www.mosr.sk/data/att/164039.pdf,3.038.pdf,Success,"Success: 134,985 bytes",134985
3.031,Budovy,Reforma súdnej mapy v Bratislave (aktualizácia pred podpisom zmluvy),hodnotenie,https://www.mfsr.sk/files/sk/financie/hodnota-za-peniaze/hodnotenia-investicnych-projektov/budovy/aktualizacia_pred_podpisom_mss_bratislava.pdf,3.031.pdf,Success,"Success: 179,244 bytes",179244
3.03,Budovy,Rekonštrukcia internátu Hviezda,hodnotenie,https://www.mfsr.sk/files/sk/financie/hodnota-za-peniaze/hodnotenia-investicnych-projektov/budovy/hodnotenie_rekonstrukcia_internatu_hviezda.pdf,3.03.pdf,Success,"Success: 472,334 bytes",472334
3.034,Budovy,Rekonštrukcia internátu Hviezda,štúdia uskutočniteľnosti,https://www.mosr.sk/data/files/5500_tus_rekonstrukcia-internatu-hviezda.pdf,3.034.pdf,Success,"Success: 3,176,270 bytes",3176270
3.029,Budovy,Reforma súdnej mapy v Bratislave (aktualizácia),hodnotenie,https://www.mfsr.sk/files/sk/financie/hodnota-za-peniaze/hodnotenia-investicnych-projektov/budovy/aktualizacia_mestsky-sud-ba-iii-iv.pdf,3.029.pdf,Success,"Success: 196,890 bytes",196890
3.028,Budovy,Rekonštrukcia kaštieľa v Rusovciach (aktualizácia pred podpisom zmluvy),hodnotenie,https://www.mfsr.sk/files/sk/financie/hodnota-za-peniaze/hodnotenia-investicnych-projektov/budovy/hodnotenie_rusovce_aktualizacia_pred_podpisom.pdf,3.028.pdf,Success,"Success: 177,441 bytes",177441
3.027,Budovy,Koncepcia rozvoja Fakultnej nemocnice s poliklinikou F. D. Roosevelta Banská Bystrica (aktualizácia),hodnotenie,https://www.mfsr.sk/files/sk/financie/hodnota-za-peniaze/hodnotenia-investicnych-projektov/budovy/aktualizacia_fnsp-bb.pdf,3.027.pdf,Success,"Success: 187,945 bytes",187945
3.026,Budovy,Výstavba novej univerzitnej nemocnice v Martine (aktualizácia pred podpisom zmluvy),analýza,https://www.mfsr.sk/files/archiv/45/Aktualizacia3_nUNM_20240605.pdf,3.026.pdf,Success,"Success: 169,880 bytes",169880
3.04,Budovy,Výstavba novej univerzitnej nemocnice v Martine (aktualizácia pred podpisom zmluvy),štúdia uskutočniteľnosti,https://www.unm.sk/storage/app/uploads/public/665/d6b/988/665d6b9889bf2401837114.pdf,3.04.pdf,Success,"Success: 250,959 bytes",250959
3.025,Budovy,"Prenájom priestorov pre Ministerstvo školstva, výskumu, vývoja a mládeže SR",analýza,https://www.mfsr.sk/files/sk/financie/hodnota-za-peniaze/hodnotenia-investicnych-projektov/budovy/hodnotenie_prenajom-priestorov-msvvam.pdf,3.025.pdf,Success,"Success: 327,683 bytes",327683
3.024,Budovy,Rekonštrukcia Nemocnice Poprad (aktualizácia pred podpisom zmluvy),analýza,https://www.mfsr.sk/files/sk/financie/hodnota-za-peniaze/hodnotenia-investicnych-projektov/budovy/nemocnica_poprad_hodnotenie-uhp_aktualizacia-pred-podpisom.pdf,3.024.pdf,Success,"Success: 161,875 bytes",161875
3.023,Budovy,FN Žilina – Výstavba nového pavilónu urgentnej medicíny,analýza,https://www.mfsr.sk/files/archiv/80/Hodnotenie_FN-Zilina.pdf,3.023.pdf,Success,"Success: 374,684 bytes",374684
3.022,Budovy,Koncepcia rozvoja Fakultnej nemocnice s poliklinikou F. D. Roosevelta Banská Bystrica (aktualizácia),analýza,https://www.mfsr.sk/files/archiv/86/Aktualizacia_FNsP-BB_20230914.pdf,3.022.pdf,Success,"Success: 218,758 bytes",218758
3.021,Budovy,Výstavba novej univerzitnej nemocnice v Martine (aktualizácia č.2),analýza,https://www.mfsr.sk/files/archiv/9/Aktualizacia2_nUNM_UHP_hodnotenie.pdf,3.021.pdf,Success,"Success: 438,826 bytes",438826
3.02,Budovy,Budova Najvyššieho súdu SR,analýza,https://www.mfsr.sk/files/archiv/78/Hodnotenie_UHP_NS-SR.pdf,3.02.pdf,Success,"Success: 712,204 bytes",712204
3.037,Budovy,Budova Najvyššieho súdu SR,štúdia uskutočniteľnosti,https://www.nsud.sk/data/att/ade/700713.0f4fc9.pdf,3.037.pdf,Success,"Success: 16,744,729 bytes",16744729
3.019,Budovy,Východoslovenský onkologický ústav,analýza,https://www.mfsr.sk/files/archiv/43/VOU_20230719.pdf,3.019.pdf,Success,"Success: 200,835 bytes",200835
3.018,Budovy,Obnova areálu Rastislavova UNLP,analýza,https://www.mfsr.sk/files/sk/financie/hodnota-za-peniaze/hodnotenie-investicnych-projektov/unlp_rastislavova_hodnotenie_uhp.pdf,3.018.pdf,Success,"Success: 167,361 bytes",167361
3.017,Budovy,Rekonštrukcia Nemocnice Poprad (aktualizácia),analýza,https://www.mfsr.sk/files/archiv/65/Aktualizacia_Nemocnica-Poprad.pdf,3.017.pdf,Success,"Success: 207,583 bytes",207583
3.016,Budovy,Koncepcia rozvoja Univerzitnej nemocnice L. Pasteura Košice,analýza,https://www.mfsr.sk/files/archiv/51/UNLP-KE-hodnotenie_20230419_f.pdf,3.016.pdf,Success,"Success: 497,975 bytes",497975
3.015,Budovy,Rekonštrukcia Nemocnice Poprad,analýza,https://www.mfsr.sk/files/archiv/34/Nemocnica-Poprad_hodnotenie.pdf,3.015.pdf,Success,"Success: 188,439 bytes",188439
3.014,Budovy,Obnova a rozvoj Kúpeľov Sliač,analýza,https://www.mfsr.sk/files/archiv/55/Hodnotenie_Kupele_Sliac_UHP.pdf,3.014.pdf,Success,"Success: 409,125 bytes",409125
3.039,Budovy,Obnova a rozvoj Kúpeľov Sliač,štúdia uskutočniteľnosti,https://www.kupelesliac.sk/wp-content/uploads/2023/02/CBA_Kupele-Sliac.pdf,3.039.pdf,Success,"Success: 1,198,952 bytes",1198952
3.013,Budovy,Smart Green Hospital Prešov,analýza,https://www.mfsr.sk/files/archiv/37/FN-Presov-20230220_hodnotenie.pdf,3.013.pdf,Success,"Success: 281,293 bytes",281293
3.012,Budovy,Národný ústav detských chorôb - koncepcia rozvoja na najbližších 15 rokov,analýza,https://www.mfsr.sk/files/archiv/78/Hodnotenie_NUDCH_20230203.pdf,3.012.pdf,Success,"Success: 300,818 bytes",300818
3.011,Budovy,Reforma súdnej mapy v Bratislave,analýza,https://www.mfsr.sk/files/archiv/95/Hodnotenie_Reforma_sudnej_mapy_BA20230118PDF.pdf,3.011.pdf,Success,"Success: 462,767 bytes",462767
3.01,Budovy,Rozvoj fakultnej nemocnice Trnava,analýza,https://www.mfsr.sk/files/archiv/92/Hodnotenie_Fakultna-nemocnica-TT_16122022.pdf,3.01.pdf,Success,"Success: 322,052 bytes",322052
3.009,Budovy,Výstavba novej univerzitnej nemocnice v Martine (aktualizácia),analýza,https://www.mfsr.sk/files/archiv/41/Aktualizacia_nUNM_20221209.pdf,3.009.pdf,Success,"Success: 226,298 bytes",226298
3.035,Budovy,Výstavba novej univerzitnej nemocnice v Martine (aktualizácia),štúdia uskutočniteľnosti,https://www.unm.sk/sites/default/files/unm-sv-martin/formular_na_aktualizaciu_studie_uskutocnitelnosti_unsvm.pdf,3.035.pdf,Failed,HTTP error: 404,0
3.008,Budovy,Komplexná rekonštrukcia historickej budovy Slovenského národného divadla,analýza,https://www.mfsr.sk/files/archiv/91/Hodnotenie_SND_FINAL.pdf,3.008.pdf,Success,"Success: 556,182 bytes",556182
3.041,Budovy,Komplexná rekonštrukcia historickej budovy Slovenského národného divadla,štúdia uskutočniteľnosti,https://snd.sk/sites/default/files/HB/studia_uskutocnitelnosti_komplexnej_rekonstrukcie_hb_snd.pdf,3.041.pdf,Success,"Success: 8,079,804 bytes",8079804
3.007,Budovy,Rozvoj Fakultnej nemocnice s poliklinikou F.D. Roosevelta Banská Bystrica,analýza,https://www.mfsr.sk/files/archiv/28/UHP_FNsPBB-hodnotenie_20221005.pdf,3.007.pdf,Success,"Success: 460,232 bytes",460232
3.006,Budovy,"Zjednotenie priestorov Ministerstva investícií, regionálneho rozvoja a informatizácie Slovenskej republiky",analýza,https://www.mfsr.sk/files/archiv/44/Hodnotenie-MIRRI_210908_clean.pdf,3.006.pdf,Success,"Success: 241,136 bytes",241136
3.005,Budovy,Administratívna budova Úradu vlády Slovenskej republiky „Čajka“,analýza,https://www.mfsr.sk/files/archiv/66/Hodnotenie_Cajka20220728_PDF.pdf,3.005.pdf,Success,"Success: 665,381 bytes",665381
3.004,Budovy,Výstavba novej univerzitnej nemocnice v Martine,analýza,https://www.mfsr.sk/files/archiv/62/Hodnotenie_UNM_20220225.pdf,3.004.pdf,Success,"Success: 386,969 bytes",386969
3.036,Budovy,Úrad vlády SR - Rekonštrukcia kaštieľa v Rusovciach (Aktualizované hodnotenie),stanovisko,https://www.mfsr.sk/files/archiv/46/rusovce_stanovisko_UHP_20200109c.pdf,3.036.pdf,Success,"Success: 320,684 bytes",320684
3.003,Budovy,"Rekonštrukcia a dobudovanie fakúlt STU a UK - Advancing University Capacity and Competence in Research, Development and Innovation (ACCORD)",analýza,https://www.mfsr.sk/files/archiv/9/ACCORD_hodnotenie_190910.pdf,3.003.pdf,Success,"Success: 383,021 bytes",383021
3.002,Budovy,Rekonštrukcia Fakultnej nemocnice s poliklinikou v Banskej Bystrici,analýza,https://www.mfsr.sk/files/archiv/13/stanovisko_fnsbb_20190128_publish.pdf,3.002.pdf,Success,"Success: 269,721 bytes",269721
3.042,Budovy,Úrad vlády SR - Rekonštrukcia kaštieľa v Rusovciach,stanovisko,https://www.mfsr.sk/files/archiv/uhp/3370/76/Stanovisko-Rekonstrukcia-kastiela-Rusovciach.pdf,3.042.pdf,Success,"Success: 221,181 bytes",221181
3.001,Budovy,Nová univerzitná nemocnica v Bratislave,analýza,https://www.mfsr.sk/files/archiv/uhp/3370/76/stanovisko_UNB_170403_2.pdf,3.001.pdf,Success,"Success: 683,515 bytes",683515
1.103,Doprava,Zvýšenie priepustnosti trate Bratislava – Dunajská Streda – Komárno (doplnenie),hodnotenie,https://www.mfsr.sk/files/sk/financie/hodnota-za-peniaze/hodnotenia/doprava/hodnotenie_bratislava_dunajska-streda_komarno.pdf,1.103.pdf,Success,"Success: 595,322 bytes",595322
1.102,Doprava,Modernizácia ležadlových vozňov pre nočnú dopravu,hodnotenie,https://www.mfsr.sk/files/sk/financie/hodnota-za-peniaze/hodnotenia/doprava/hodnotenie-zssk-lezadlove-vozne_20250828.pdf,1.102.pdf,Success,"Success: 364,663 bytes",364663
1.101,Doprava,Nákup elektrických jednotiek pre linku Bratislava - Žilina (aktualizácia),hodnotenie,https://www.mfsr.sk/files/sk/financie/hodnota-za-peniaze/hodnotenia/doprava/aktualizacia-hodnotenia-zssk-4-ej-560_20250605.pdf,1.101.pdf,Success,"Success: 167,097 bytes",167097
1.118,Doprava,Nákup elektrických jednotiek pre linku Bratislava - Žilina (aktualizácia),Aktualizovaná štúdia,https://www.zssk.sk/wp-content/uploads/2025/06/SU-Obstaranie-4-ks-EJ_FINAL_akt.-odporucania-UHP-akt.-INV.pdf,1.118.pdf,Success,"Success: 1,411,551 bytes",1411551
1.1,Doprava,"D1 Beharovce – Branisko, 2. profil",hodnotenie,https://www.mfsr.sk/files/sk/financie/hodnota-za-peniaze/hodnotenia/doprava/hodnotenie_d1_beharovce-branisko.pdf,1.1.pdf,Success,"Success: 525,106 bytes",525106
1.099,Doprava,Obstaranie batériových elektrických jednotiek pre regionálnu dopravu,hodnotenie,https://www.mfsr.sk/files/sk/financie/hodnota-za-peniaze/hodnotenia-investicnych-projektov/doprava/hodnotenie_hybridne-vozidla.pdf,1.099.pdf,Success,"Success: 651,368 bytes",651368
1.109,Doprava,Obstaranie batériových elektrických jednotiek pre regionálnu dopravu,štúdia uskutočniteľnosti,https://www.zssk.sk/wp-content/uploads/2025/02/SU-Obstaranie-hybridnych-EJ-pre-regionalnu-dopravu_FINAL.pdf,1.109.pdf,Success,"Success: 1,679,277 bytes",1679277
1.098,Doprava,Nákup elektrických jednotiek do diaľkovej dopravy (aktualizácia),hodnotenie,https://www.mfsr.sk/files/sk/financie/hodnota-za-peniaze/hodnotenia-investicnych-projektov/doprava/aktualizacia_hodnotenia_zssk_dialkove_supravy.pdf,1.098.pdf,Success,"Success: 138,743 bytes",138743
1.107,Doprava,Nákup elektrických jednotiek do diaľkovej dopravy (aktualizácia),Aktualizovaná štúdia od investora,https://www.zssk.sk/wp-content/uploads/2025/02/Priloha-6-Formular-na-aktualizaciu-studie-uskutocnitelnosti-pred-vyhlasenim-verejneho-obstaravania-1-2.pdf,1.107.pdf,Success,"Success: 136,861 bytes",136861
1.097,Doprava,Nákup lôžkových vozňov (aktualizácia),hodnotenie,https://www.mfsr.sk/files/sk/financie/hodnota-za-peniaze/hodnotenia-investicnych-projektov/doprava/aktualizacia-hodnotenia-zssk-lozkove-vozne_20250303.pdf,1.097.pdf,Success,"Success: 174,136 bytes",174136
1.113,Doprava,Nákup lôžkových vozňov (aktualizácia),štúdia uskutočniteľnosti,https://www.zssk.sk/wp-content/uploads/2025/02/Priloha-6-Formular-na-aktualizaciu-studie-uskutocnitelnosti-pred-vyhlasenim-verejneho-obstaravania-1.pdf,1.113.pdf,Success,"Success: 118,842 bytes",118842
1.096,Doprava,Nákup 4 elektrických jednotiek pre linku Bratislava – Žilina,hodnotenie,https://www.mfsr.sk/files/sk/financie/hodnota-za-peniaze/hodnotenia-investicnych-projektov/doprava/hodnotenie-zssk-4-ej-560.pdf,1.096.pdf,Success,"Success: 443,026 bytes",443026
1.121,Doprava,Nákup 4 elektrických jednotiek pre linku Bratislava – Žilina,štúdia uskutočniteľnosti,https://www.zssk.sk/wp-content/uploads/2024/12/SU-Obstaranie-4-ks-EJ.pdf,1.121.pdf,Success,"Success: 695,566 bytes",695566
1.095,Doprava,"I/15 Stropkov, preložka cesty (aktualizácia)",hodnotenie,https://www.mfsr.sk/files/sk/financie/hodnota-za-peniaze/hodnotenia-investicnych-projektov/doprava/aktualizacia-hodnotenia_i15-stropkov-prelozka.pdf,1.095.pdf,Success,"Success: 123,331 bytes",123331
1.093,Doprava,R4 štátna hranica PL/SK – Kapušany,hodnotenie,https://www.mfsr.sk/files/sk/financie/hodnota-za-peniaze/hodnotenia-investicnych-projektov/doprava/hodnotenie-r4_uhp.pdf,1.093.pdf,Success,"Success: 405,428 bytes",405428
1.094,Doprava,Koridor D1 Bidovce – štátna hranica SK/UA,hodnotenie,https://www.mfsr.sk/files/sk/financie/hodnota-za-peniaze/hodnotenia-investicnych-projektov/doprava/hodnotenie_d1-bidovce-statna-hranica-sk_ua.pdf,1.094.pdf,Success,"Success: 1,193,409 bytes",1193409
1.092,Doprava,Prenájom elektrických rušňov do diaľkovej dopravy (aktualizácia),hodnotenie,https://www.mfsr.sk/files/sk/financie/hodnota-za-peniaze/hodnotenia-investicnych-projektov/doprava/hodnotenie-zssk-prenajom-rusnov_aktualizacia.pdf,1.092.pdf,Success,"Success: 192,460 bytes",192460
1.11,Doprava,Prenájom elektrických rušňov do diaľkovej dopravy (aktualizácia),Aktualizovaná štúdia,https://www.zssk.sk/wp-content/uploads/2024/09/Formular-na-aktualizaciu-studie-uskutocnitelnosti-pred-vyhlasenim-verejneho-obstaravania.pdf,1.11.pdf,Success,"Success: 133,126 bytes",133126
1.091,Doprava,ZSSK - Vybudovanie strediska technicko-hygienickej údržby v Žiline,hodnotenie,https://www.mfsr.sk/files/sk/financie/hodnota-za-peniaze/hodnotenia-investicnych-projektov/doprava/hodnotenie_thu_zilina.pdf,1.091.pdf,Success,"Success: 275,628 bytes",275628
1.112,Doprava,ZSSK - Vybudovanie strediska technicko-hygienickej údržby v Žiline,štúdia uskutočniteľnosti,https://www.zssk.sk/wp-content/uploads/2024/07/FS-THU-ZILINA_10_07_2024.pdf,1.112.pdf,Success,"Success: 3,571,752 bytes",3571752
1.09,Doprava,ZSSK - Vybudovanie strediska technicko-hygienickej údržby v Košiciach,hodnotenie,https://www.mfsr.sk/files/sk/financie/hodnota-za-peniaze/hodnotenia-investicnych-projektov/doprava/hodnotenie_thu_kosice.pdf,1.09.pdf,Success,"Success: 275,477 bytes",275477
1.116,Doprava,ZSSK - Vybudovanie strediska technicko-hygienickej údržby v Košiciach,štúdia uskutočniteľnosti,https://www.zssk.sk/wp-content/uploads/2024/05/Studia-uskutocnitelnosti-THU-Kosice.pdf,1.116.pdf,Success,"Success: 1,759,594 bytes",1759594
1.089,Doprava,Cesta I/75 Šaľa – obchvat (aktualizácia pred podpisom zmluvy),hodnotenie,https://www.mfsr.sk/files/sk/financie/hodnota-za-peniaze/hodnotenia-investicnych-projektov/doprava/i75-sala_aktualizacia-hodnotenia-pred-podpisom-zmluvy.pdf,1.089.pdf,Success,"Success: 159,195 bytes",159195
1.088,Doprava,Nákup 25 rušňov a 10 ucelených súprav do diaľkovej dopravy,hodnotenie,https://www.mfsr.sk/files/sk/financie/hodnota-za-peniaze/hodnotenia-investicnych-projektov/doprava/hodnotenie-zssk-vozidla-dialkovu-dopravu.pdf,1.088.pdf,Success,"Success: 286,927 bytes",286927
1.108,Doprava,Nákup 25 rušňov a 10 ucelených súprav do diaľkovej dopravy,štúdia uskutočniteľnosti,https://www.zssk.sk/wp-content/uploads/2024/05/SU-dialkova-doprava_final.pdf,1.108.pdf,Success,"Success: 1,086,350 bytes",1086350
1.087,Doprava,"D3 Oščadnica – Čadca, Bukov (aktualizácia)",analýza,https://www.mfsr.sk/files/sk/financie/hodnota-za-peniaze/hodnotenia-investicnych-projektov/doprava/aktualizacia-hodnotenia_d3_oscadnica_cadca-bukov.pdf,1.087.pdf,Success,"Success: 197,118 bytes",197118
1.086,Doprava,D1 Turany - Hubová,analýza,https://www.mfsr.sk/files/sk/financie/hodnota-za-peniaze/hodnotenia-investicnych-projektov/doprava/hodnotenie_d1_turany_hubova.pdf,1.086.pdf,Success,"Success: 474,473 bytes",474473
1.085,Doprava,TTR – redizajn procesu tvorby cestovného poriadku pre lepšie využívanie železničnej infraštruktúry (aktualizácia),analýza,https://www.mfsr.sk/files/sk/financie/hodnota-za-peniaze/hodnotenia-investicnych-projektov/doprava/hodnotenie-ttr-aktualizacia.pdf,1.085.pdf,Success,"Success: 222,669 bytes",222669
1.084,Doprava,Rekonštrukcia železničnej trate Veľký Horeš – Streda nad Bodrogom (aktualizácia),analýza,https://www.mfsr.sk/files/sk/financie/hodnota-za-peniaze/hodnotenia-investicnych-projektov/doprava/hodnotenie_velky-hores-streda-nad-bodrogom.pdf,1.084.pdf,Success,"Success: 234,398 bytes",234398
1.083,Doprava,Nákup 6 ks ekologických koľajových vozidiel pre osobnú dopravu,analýza,https://www.mfsr.sk/files/sk/financie/hodnota-za-peniaze/hodnotenia-investicnych-projektov/doprava/hodnotenie-zssk-6-ej_20240229.pdf,1.083.pdf,Success,"Success: 419,158 bytes",419158
1.082,Doprava,Koncepčná štúdia severojužného cestného prepojenia v oblasti stredného Slovenska,analýza,https://www.mfsr.sk/files/archiv/52/Hodnotenie_severojuzne_R1R3.pdf,1.082.pdf,Success,"Success: 399,256 bytes",399256
1.08,Doprava,"D3 Žilina, Brodno – Čadca, Bukov (IV. etapa)",analýza,https://www.mfsr.sk/files/archiv/71/Hodnotenie-D3_4-etapa.pdf,1.08.pdf,Success,"Success: 392,848 bytes",392848
1.081,Doprava,I/68 Sabinov preložka cesty (aktualizácia),analýza,https://www.mfsr.sk/files/archiv/39/Hodnotenie-pred-podpisom-I68-Sabinov-prelozka-cesty.pdf,1.081.pdf,Success,"Success: 409,083 bytes",409083
1.079,Doprava,TTR – redizajn procesu tvorby cestovného poriadku pre lepšie využívanie železničnej infraštruktúry,analýza,https://www.mfsr.sk/files/archiv/78/UHP_Hodnotenie-TTR_20230907.pdf,1.079.pdf,Success,"Success: 499,591 bytes",499591
1.12,Doprava,TTR – redizajn procesu tvorby cestovného poriadku pre lepšie využívanie železničnej infraštruktúry,Štúdia implementácie IT,https://www.zsr.sk/files/modernizacia-trati/studie-realizovatelnosti/projekt-ttr/ttr-implementacia-it/su-ttr-implementacia-it-nastrojov.pdf,1.12.pdf,Success,"Success: 5,033,333 bytes",5033333
1.078,Doprava,"D1 Lietavská Lúčka – Dubná Skala, technológia tunela Višňové (aktualizácia pred podpisom zmluvy)",analýza,https://www.mfsr.sk/files/archiv/23/Hodnotenie-pred-podpisom-NDS-D1-Technologia-tunela-Visnove.pdf,1.078.pdf,Success,"Success: 409,389 bytes",409389
1.077,Doprava,R1 Banská Bystrica – Slovenská Ľupča (aktualizácia pred podpisom zmluvy),analýza,https://www.mfsr.sk/files/archiv/61/Hodnotenie_BB_SL_R1_akt_pred-podpisom.pdf,1.077.pdf,Success,"Success: 424,833 bytes",424833
1.076,Doprava,"I/61 Trenčín, preložka (aktualizácia)",analýza,https://www.mfsr.sk/files/archiv/78/Hodnotenie_UHP_Trencin_prelozka.pdf,1.076.pdf,Success,"Success: 434,114 bytes",434114
1.075,Doprava,D3 Kysucké Nové Mesto - Oščadnica (III. etapa),analýza,https://www.mfsr.sk/files/archiv/30/Hodnotenie_D3_III-etapa_KNM_Oscadnica.pdf,1.075.pdf,Success,"Success: 556,371 bytes",556371
1.074,Doprava,Modernizácia železničnej trate Poprad – Vydrník (aktualizácia),analýza,https://www.mfsr.sk/files/archiv/40/Hodnotenie_UHP_Poprad-Tatry-Vydrnik.pdf,1.074.pdf,Success,"Success: 443,765 bytes",443765
1.073,Doprava,Nákup 18 ks lôžkových vozňov,analýza,https://www.mfsr.sk/files/archiv/44/Hodnotenie-ZSSK-lozkove-vozne_UHP.pdf,1.073.pdf,Success,"Success: 746,453 bytes",746453
1.119,Doprava,Nákup 18 ks lôžkových vozňov,štúdia uskutočniteľnosti,https://www.zssk.sk/wp-content/uploads/2023/05/Studia-uskutocnitelnosti-obnovy-vozidloveho-parku.pdf,1.119.pdf,Success,"Success: 957,610 bytes",957610
1.072,Doprava,"Rýchlostná cesta R4 Prešov – severný obchvat, II. etapa (aktualizácia)",analýza,https://www.mfsr.sk/files/archiv/46/Hodnotenie_Aktualizacia_Presov_obchvat_sever_etapa_II_R4.pdf,1.072.pdf,Success,"Success: 420,338 bytes",420338
1.071,Doprava,"D3 Oščadnica – Čadca, Bukov (II. etapa)",analýza,https://www.mfsr.sk/files/archiv/4/UHP_hodnotenie_D3-Oscadnica-Cadca-Bukov-II.pdf,1.071.pdf,Success,"Success: 457,596 bytes",457596
1.07,Doprava,Modernizácia železničnej trate Hronský Beňadik – Nová Baňa (aktualizácia),analýza,https://www.mfsr.sk/files/archiv/18/Rekonstrukcia-Hronsky-Benadik-Nova-Bana_aktualizacia-pred-VO.pdf,1.07.pdf,Success,"Success: 408,236 bytes",408236
1.105,Doprava,Modernizácia železničnej trate Hronský Beňadik – Nová Baňa (aktualizácia),štúdia uskutočniteľnosti,https://www.zsr.sk/files/modernizacia-trati/studie-realizovatelnosti/sr-kr-hronsky-benadik-nova-bana/priloha-6-komplexna-rekonstrukcia-hronsky-benadik-nova-bana.pdf,1.105.pdf,Success,"Success: 192,151 bytes",192151
1.069,Doprava,"D4 Bratislava, Rača – Záhorská Bystrica (tunel Karpaty)",analýza,https://www.mfsr.sk/files/archiv/17/Hodnotenie_D4_tunel-Karpaty_20230420.pdf,1.069.pdf,Success,"Success: 314,392 bytes",314392
1.068,Doprava,Elektrifikácia trate Bánovce nad Ondavou – Humenné (aktualizácia),analýza,https://www.mfsr.sk/files/archiv/29/Hodnotenie_ELBAHU_20230419.pdf,1.068.pdf,Success,"Success: 433,862 bytes",433862
1.067,Doprava,Vybudovanie diaľkovo ovládaného zabezpečovacieho zariadenia na trati Prešov – Strážske,analýza,https://www.mfsr.sk/files/archiv/92/Hodnotenie_DOZZ_Presov_Strazske.pdf,1.067.pdf,Success,"Success: 628,611 bytes",628611
1.066,Doprava,"D3 Žilina, Brodno – Kysucké Nové Mesto (I. etapa)",analýza,https://www.mfsr.sk/files/archiv/63/Hodnotenie_D3_etapa1.pdf,1.066.pdf,Success,"Success: 485,657 bytes",485657
1.065,Doprava,R1 Banská Bystrica – Slovenská Ľupča (aktualizácia),analýza,https://www.mfsr.sk/files/archiv/52/R1-BB-Slovenska-Lupca_Aktualizacia_20230302.pdf,1.065.pdf,Success,"Success: 409,552 bytes",409552
1.064,Doprava,Implementácia GSM-R na trati Varín – Košice – Čierna nad Tisou (aktualizácia),analýza,https://www.mfsr.sk/files/archiv/19/Hodnotenie_GSM-R_Varin-KE-CnT_20230301.pdf,1.064.pdf,Success,"Success: 414,469 bytes",414469
1.104,Doprava,Implementácia GSM-R na trati Varín – Košice – Čierna nad Tisou (aktualizácia),štúdia uskutočniteľnosti,http://www.zsr.sk/files/modernizacia-trati/za-ke-cnt/gsm-r/gsm-r-informacia.pdf,1.104.pdf,Success,"Success: 687,856 bytes",687856
1.063,Doprava,Nákup 26 ks dieselových motorových jednotiek pre osobnú dopravu,analýza,https://www.mfsr.sk/files/archiv/16/Hodnotenie-ZSSK-26-DMJ_20230224.pdf,1.063.pdf,Success,"Success: 670,127 bytes",670127
1.062,Doprava,Preložka cesty I/61 v Trenčíne,analýza,https://www.mfsr.sk/files/archiv/40/SSC_prelozka_I61_Trencin_20230210.pdf,1.062.pdf,Success,"Success: 671,129 bytes",671129
1.061,Doprava,Nákup 5 ks ekologických koľajových vozidiel pre osobnú dopravu,analýza,https://www.mfsr.sk/files/archiv/75/Hodnotenie-ZSSK-5-EJ_20221207.pdf,1.061.pdf,Success,"Success: 462,750 bytes",462750
1.06,Doprava,"Diaľnica D1 Bratislava - Senec, 1. úsek Bratislava – Triblavina, I. a II. etapa (aktualizácia)",analýza,https://www.mfsr.sk/files/archiv/4/hodnotenie_vfm_D1_Triblavina_20221121.pdf,1.06.pdf,Success,"Success: 116,725 bytes",116725
1.059,Doprava,ŽSR - Zriadenie a prevádzkovanie kontrolných bodov,analýza,https://www.mfsr.sk/files/archiv/43/Hodnotenie_ChPs_20221123.pdf,1.059.pdf,Success,"Success: 693,779 bytes",693779
1.058,Doprava,Dopravný uzol Bratislava,analýza,https://www.mfsr.sk/files/archiv/63/Hodnotenie_uzol-BA_20221103.pdf,1.058.pdf,Success,"Success: 1,601,934 bytes",1601934
1.057,Doprava,Modernizácia železničnej trate Hronský Beňadik – Nová Baňa,analýza,https://www.mfsr.sk/files/archiv/35/Hodnotenie_Hronsky-Benadik_Nova-Bana-20220922.pdf,1.057.pdf,Success,"Success: 555,716 bytes",555716
1.106,Doprava,Modernizácia železničnej trate Hronský Beňadik – Nová Baňa,štúdia uskutočniteľnosti,https://www.mfsr.sk/files/archiv/29/SR-KR-Hronsky-Benadik-Nova-Bana.pdf,1.106.pdf,Success,"Success: 2,030,531 bytes",2030531
1.056,Doprava,Modernizácia železničnej trate Devínska Nová Ves - štátna hranica,analýza,https://www.mfsr.sk/files/archiv/82/Hodnotenie-UHP_DNV_Marchegg_20220916.pdf,1.056.pdf,Success,"Success: 441,572 bytes",441572
1.055,Doprava,Rýchlostná cesta R2 Kriváň – Tornaľa,analýza,https://www.mfsr.sk/files/archiv/18/Hodnotenie_NDS_R2-Krivan-Tornala_20220727.pdf,1.055.pdf,Success,"Success: 319,487 bytes",319487
1.054,Doprava,Modernizácia železničnej trate Poprad – Markušovce,analýza,https://www.mfsr.sk/files/archiv/88/Hodnotenie_Poprad_Markusovce_20220719.pdf,1.054.pdf,Success,"Success: 413,301 bytes",413301
1.053,Doprava,Elektrifikácia trate Bánovce nad Ondavou – Humenné (aktualizácia),analýza,https://www.mfsr.sk/files/archiv/12/Hodnotenie_Elektrifikacia-BAHU_20220713.pdf,1.053.pdf,Success,"Success: 597,580 bytes",597580
1.052,Doprava,Poskytovanie mýtnych služieb – opakovanie verejného obstarávania,analýza,https://www.mfsr.sk/files/archiv/84/hodnotenie_mytnesluzby_07072022.pdf,1.052.pdf,Success,"Success: 453,452 bytes",453452
1.051,Doprava,Modernizácia železničného koridoru Žilina – Košice – Čierna nad Tisou,analýza,https://www.mfsr.sk/files/archiv/33/ZilinaKosiceCnT_20220706.pdf,1.051.pdf,Success,"Success: 451,889 bytes",451889
1.111,Doprava,Modernizácia železničného koridoru Žilina – Košice – Čierna nad Tisou,Otázky a odpovede,https://www.mfsr.sk/files/archiv/58/FAQs_Trat-ZA-KE-CnT.pdf,1.111.pdf,Success,"Success: 303,916 bytes",303916
1.05,Doprava,"Diaľnica D3, Žilina, Strážov – štátna hranica SR/PR",analýza,https://www.mfsr.sk/files/archiv/69/Hodnotenie_vfm_NDS_D3_20220622.pdf,1.05.pdf,Success,"Success: 606,078 bytes",606078
1.049,Doprava,R2 Zvolen západ – Zvolen východ,analýza,https://www.mfsr.sk/files/archiv/47/Hodnotenie_NDS_R2_Zvolen_20220622.pdf,1.049.pdf,Success,"Success: 797,107 bytes",797107
1.048,Doprava,"Modernizácia cesty I/75 Galanta – Nové Zámky, úsek Šaľa – obchvat (aktualizácia č. 2)",analýza,https://www.mfsr.sk/files/archiv/24/Hodnotenie_vfm_SSC_I75_Sala_20220622.pdf,1.048.pdf,Success,"Success: 368,141 bytes",368141
1.047,Doprava,Modernizácia železničnej trate Krásno nad Kysucou – štátna hranica SR/ČR (aktualizácia),analýza,https://www.mfsr.sk/files/archiv/95/Hodnotenie-ZSR_KnK_Cadca_20220518.pdf,1.047.pdf,Success,"Success: 524,027 bytes",524027
1.117,Doprava,Modernizácia železničnej trate Krásno nad Kysucou – štátna hranica SR/ČR (aktualizácia),štúdia uskutočniteľnosti,http://www.zsr.sk/files/modernizacia-trati/studie-realizovatelnosti/studia-realizovatelnosti-zsr-modernizacia-koridoru-statna-hranica-sr-cadca-krasno-nad-kysucou-mimo-update/modernizacia-zeleznicnej-trate-krasno-nad-kysucou-statna-hranica-sr_cr_aktualizacia-variant-c.pdf,1.117.pdf,Success,"Success: 2,185,670 bytes",2185670
1.046,Doprava,"Implementácia GSM-R do siete ŽSR, úsek Varín – Košice – Čierna nad Tisou",analýza,https://www.mfsr.sk/files/archiv/20/Hodnotenie-ZSR-GSM-R-Varin-KE-CnT_20220518.pdf,1.046.pdf,Success,"Success: 261,762 bytes",261762
1.045,Doprava,"Štúdia uskutočniteľnosti I/64 Topoľčany – Žilina, úsek Porúbka - Lietavská Lúčka, obchvat",analýza,https://www.mfsr.sk/files/archiv/84/hodnotenie_vfm_I64_Lietavska-Lucka_20220518.pdf,1.045.pdf,Success,"Success: 515,204 bytes",515204
1.044,Doprava,ŽSR Zvýšenie priepustnosti trate Bratislava - Dunajská Streda - Komárno,analýza,https://www.mfsr.sk/files/archiv/78/Hodnotenie-ZSR-Zvysenie-priepustnosti-BA-DS-KN_20220429.pdf,1.044.pdf,Success,"Success: 736,148 bytes",736148
1.043,Doprava,Výstavba novej železničnej trate v úseku Nitra – Trnovec nad Váhom,analýza,https://www.mfsr.sk/files/archiv/20/UHP-hodnotenie-Nitra-Trnovec_20220421.pdf,1.043.pdf,Success,"Success: 864,743 bytes",864743
1.115,Doprava,Výstavba novej železničnej trate v úseku Nitra – Trnovec nad Váhom,Najčastejšie otázky a odpovede,https://www.mfsr.sk/files/archiv/53/FAQs_UHP_Trat-Trnovec.pdf,1.115.pdf,Success,"Success: 280,597 bytes",280597
1.042,Doprava,"Modernizácia cesty I/75 Galanta – Nové Zámky, úsek Šaľa - obchvat",analýza,https://www.mfsr.sk/files/archiv/28/hodnotenie_vfm_I75_Sala_20220412.pdf,1.042.pdf,Success,"Success: 560,209 bytes",560209
1.04,Doprava,I/15 Vranov nad Topľou - Stročín,analýza,https://www.mfsr.sk/files/archiv/48/hodnotenie_vfm_I15_Strocin_Vranov_20220218.pdf,1.04.pdf,Success,"Success: 631,588 bytes",631588
1.041,Doprava,"I/51, I/61 Hranica SR/ČR – Holíč – Senica – Trnava – Hrnčiarovce nad Parnou",analýza,https://www.mfsr.sk/files/archiv/10/hodnotenie_SSC_I51_CZ_TT_20220217.pdf,1.041.pdf,Success,"Success: 422,507 bytes",422507
1.039,Doprava,"ŽSR, Modernizácia koridoru, štátna hranica ČR/SR – Čadca – Krásno nad Kysucou - aktualizácia hodnotenia",analýza,https://www.mfsr.sk/files/archiv/25/KnK_Cadca_hranicaSR_akt_20220111_st.pdf,1.039.pdf,Success,"Success: 197,418 bytes",197418
1.038,Doprava,"Modernizácia cesty I/68 Mníšek nad Popradom – Prešov, úsek Sabinov – obchvat",analýza,https://www.mfsr.sk/files/archiv/95/doprava_vfm_hodnotenie_20220110.pdf,1.038.pdf,Success,"Success: 340,752 bytes",340752
1.037,Doprava,Modernizácia vozového parku ZSSK - časť 6 - aktualizácia hodnotenia,analýza,https://www.mfsr.sk/files/archiv/22/Hodnotenie_ZSSK_9-DMJ-aktualizacia_20211130.pdf,1.037.pdf,Success,"Success: 639,247 bytes",639247
1.036,Doprava,"I/51, I/76 Nitra – Kalná nad Hronom – Levice (Šarovce)",analýza,https://www.mfsr.sk/files/archiv/54/hodnotenie_vfm_I51_I76_20211118_clean.pdf,1.036.pdf,Success,"Success: 456,964 bytes",456964
1.035,Doprava,Rýchlostná cesta R1 - Banská Bystrica – Slovenská Ľupča,analýza,https://www.mfsr.sk/files/archiv/56/doprava_vfm_hodnotenie_20211117.pdf,1.035.pdf,Success,"Success: 474,502 bytes",474502
1.034,Doprava,"D1 Lietavská Lúčka – Dubná Skala, technológia tunela",analýza,https://www.mfsr.sk/files/archiv/36/hodnotenie_vfm_D1_aktualizacia_visnove_20211129.pdf,1.034.pdf,Success,"Success: 345,455 bytes",345455
1.033,Doprava,R2 Šaca – Košické Oľšany - II. etapa (Košice-Juh – Košické Oľšany),analýza,https://www.mfsr.sk/files/archiv/85/kosice_obchvat_vfm_20210914_final.pdf,1.033.pdf,Success,"Success: 538,347 bytes",538347
1.032,Doprava,"Rýchlostná cesta R4 Prešov – severný obchvat, II. etapa",analýza,https://www.mfsr.sk/files/archiv/61/stanovisko_vfm_R4_PO_II_20210827.pdf,1.032.pdf,Success,"Success: 541,358 bytes",541358
1.031,Doprava,"ŽSR, Modernizácia koridoru, štátna hranica ČR/SR – Čadca – Krásno nad Kysucou časť: Krásno nad Kysucou - Čadca (vrátane)",analýza,https://www.mfsr.sk/files/archiv/78/KnK_Cadca_hranicaSR_uhp_20210707.pdf,1.031.pdf,Success,"Success: 487,570 bytes",487570
1.03,Doprava,Rýchlostná cesta R8 Nitra – križovatka R2,analýza,https://www.mfsr.sk/files/archiv/44/stanovisko_vfm_R8_20210513.pdf,1.03.pdf,Success,"Success: 518,798 bytes",518798
1.029,Doprava,"Diaľnica D1 Bratislava – Senec, 1. úsek Bratislava – Triblavina, I. a II. etapa (Výstavba križovatky D1 a D4, rozšírenie a rekonštrukcia D1)",analýza,https://www.mfsr.sk/files/archiv/38/stanovisko_vfm_rozsirenie_D1_kriz_D4_20210507.pdf,1.029.pdf,Success,"Success: 728,579 bytes",728579
1.027,Doprava,R3 Tvrdošín – Nižná nad Oravou - dodatok k hodnoteniu z júna 2017),analýza,https://www.mfsr.sk/files/archiv/29/r3_tvrdosin_nizna_vfm_poVO_20210324.pdf,1.027.pdf,Success,"Success: 117,317 bytes",117317
1.028,Doprava,R3 Tvrdošín – Nižná nad Oravou - dodatok k hodnoteniu z júna 2017),Aktualizovaná časť štúdie uskutočniteľnosti,https://www.mfsr.sk/files/archiv/30/R3_tvrdosin_nizna_aktualizacia_SU_po_VO.pdf,1.028.pdf,Success,"Success: 581,846 bytes",581846
1.026,Doprava,ŽSR: Elektrifikácia trate Bánovce nad Ondavou - Humenné,analýza,https://www.mfsr.sk/files/archiv/68/Hodnotenie_ZSR_ELBAHU_20210311.pdf,1.026.pdf,Success,"Success: 425,944 bytes",425944
1.025,Doprava,Modernizácia vozového parku ZSSK časti 6 a 7,analýza,https://www.mfsr.sk/files/archiv/90/Hodnotenie_modernizaciavoz.parkuZSSKc.6a7_20201223.pdf,1.025.pdf,Success,"Success: 403,277 bytes",403277
1.024,Doprava,"ŽSR, Elektrifikácia a optimalizácia trate Zvolen - Fiľakovo",analýza,https://www.mfsr.sk/files/archiv/27/stanovisko_ELZVFIL_20201127.pdf,1.024.pdf,Success,"Success: 566,873 bytes",566873
1.023,Doprava,I/64 Žilina – Topoľčany,analýza,https://www.mfsr.sk/files/archiv/34/stanovisko_vfm_I64_20201118.pdf,1.023.pdf,Success,"Success: 872,318 bytes",872318
1.022,Doprava,"ŽSR, Optimalizácia trate Prievidza – Jelšovce",analýza,https://www.mfsr.sk/files/archiv/68/Hodnotenie_PD_JE_201111.pdf,1.022.pdf,Success,"Success: 466,975 bytes",466975
1.021,Doprava,Sanácia mimoriadnej situácie na ceste II/531 Muráň – Muránska Huta,analýza,https://www.mfsr.sk/files/sk/financie/hodnota-za-peniaze/hodnotenie-investicnych-projektov/stanovisko_k_projektu_muran_zosuv_2020102.pdf,1.021.pdf,Success,"Success: 161,833 bytes",161833
1.02,Doprava,Elektronický výber mýta,analýza,https://www.mfsr.sk/files/archiv/43/Myto_UHP_hodnotenie_200909_web.pdf,1.02.pdf,Success,"Success: 481,001 bytes",481001
1.018,Doprava,Modernizácia vozového parku ŽKV v rámci OPII - 3. časť,analýza,https://www.mfsr.sk/files/archiv/80/Stanovisko_modernizacia_voz_parku_ZSSK_200902.pdf,1.018.pdf,Success,"Success: 262,671 bytes",262671
1.019,Doprava,Modernizácia vozového parku ŽKV v rámci OPII - 3. časť,štúdia uskutočniteľnosti,https://www.zssk.sk/wp-content/uploads/2020/07/%C5%A0U_projekt-Moderniz%C3%A1cia-vozov%C3%A9ho-parku-%C5%BDKV-v-r%C3%A1mci-OPII-3.-%C4%8Das%C5%A5.pdf,1.019.pdf,Success,"Success: 2,262,691 bytes",2262691
1.017,Doprava,"Modernizácia ciest I/66, I/67 a I/77 Rožňava - Bardejovské kúpele",analýza,https://www.mfsr.sk/files/archiv/76/stanovisko_vfm_I66-67-77_mfsr_web.pdf,1.017.pdf,Success,"Success: 858,129 bytes",858129
1.016,Doprava,Komplexná služba spoplatnenia cestnej infraštruktúry,analýza,https://www.mfsr.sk/files/archiv/7/Myto_UHP_hodnotenie_20200419_web.pdf,1.016.pdf,Success,"Success: 566,017 bytes",566017
1.015,Doprava,"ŽSR, Modernizácia koridoru, štátna hranica ČR/SR – Čadca – Krásno nad Kysucou časť: Hranica SR/ČR – Čadca (mimo)",analýza,https://www.mfsr.sk/files/archiv/44/Cadca_hranicaSR_CEF_uhp_20200407_web.pdf,1.015.pdf,Success,"Success: 504,823 bytes",504823
1.014,Doprava,Dostavba úseku D1 Lietavská Lúčka – Dubná Skala (tunel Višňové),analýza,https://www.mfsr.sk/files/archiv/65/stanovisko_visnove_mfsr_web.pdf,1.014.pdf,Success,"Success: 263,415 bytes",263415
1.013,Doprava,Stavba úseku R2 Rožňava – Jablonov nad Turňou (tunel Soroška),analýza,https://www.mfsr.sk/files/archiv/42/r2_soroska_hodnotenieMFSR.pdf,1.013.pdf,Success,"Success: 514,576 bytes",514576
1.012,Doprava,"ŽSR, Elektrifikácia trate Haniska – Veľká Ida – Moldava nad Bodvou mesto",analýza,https://www.mfsr.sk/files/archiv/28/stanovisko_Haniska_UHP.pdf,1.012.pdf,Success,"Success: 564,301 bytes",564301
1.011,Doprava,"Modernizácia cesty I/68, Mníšek nad Popradom – Prešov",analýza,https://www.mfsr.sk/files/archiv/52/stanovisko_I68_vfm_20190606.pdf,1.011.pdf,Success,"Success: 355,650 bytes",355650
1.01,Doprava,Modernizácia elektronickej komunikačnej siete ŽSR,analýza,https://www.mfsr.sk/files/archiv/67/Telematika_UHP_hodnotenie_20190514_stretnutie.pdf,1.01.pdf,Success,"Success: 281,732 bytes",281732
1.009,Doprava,"ŽSR, dostavba zriaďovacej stanice Žilina-Teplička a nadväzujúcej železničnej infraštruktúry v uzle Žilina",analýza,https://www.mfsr.sk/files/archiv/43/Hodnotenie_UzolZA_20190305.pdf,1.009.pdf,Success,"Success: 302,327 bytes",302327
1.008,Doprava,Modernizácia cesty I/75 Galanta – Nové Zámky,analýza,https://www.mfsr.sk/files/archiv/82/I-75Galanta-NoveZamky.pdf,1.008.pdf,Success,"Success: 881,730 bytes",881730
1.007,Doprava,Vybudovanie infraštruktúry na kontrolu a prípravu vozového parku železničnej osobnej dopravy - Nové Zámky,analýza,https://www.mfsr.sk/files/archiv/92/THU-NZ-ZSSK_hodnotenie_20190128.pdf,1.007.pdf,Success,"Success: 295,108 bytes",295108
1.006,Doprava,Implementácia TSI TAF/TAP na ŽSR,stanovisko,https://www.mfsr.sk/files/archiv/27/Stanovisko_TSI_20181207_MIN.pdf,1.006.pdf,Success,"Success: 520,885 bytes",520885
1.114,Doprava,Nákup diagnostických vozidiel ŽSR,stanovisko,https://www.mfsr.sk/files/archiv/uhp/3370/76/Nakup-diagnostickych-vozidiel-ZSR.pdf,1.114.pdf,Success,"Success: 231,520 bytes",231520
1.005,Doprava,"Modernizácia cesty I/18 a I/74, Lipníky - Ubľa",stanovisko,https://www.mfsr.sk/files/archiv/uhp/3370/76/stanovisko_I18_I74_vfm_final.pdf,1.005.pdf,Success,"Success: 985,320 bytes",985320
1.004,Doprava,"R2 Mýtna - Lovinobaňa, Tomášovce",analýza,https://www.mfsr.sk/files/archiv/uhp/3370/76/r2_mytna_vfm_20180216.pdf,1.004.pdf,Success,"Success: 291,784 bytes",291784
1.003,Doprava,"R4, Severný obchvat Prešova",analýza,https://www.mfsr.sk/files/archiv/uhp/3370/76/R4_Presov_VfM_stanovisko_20171220.pdf,1.003.pdf,Success,"Success: 793,889 bytes",793889
1.002,Doprava,R3 Tvrdošín – Nižná nad Oravou,analýza,https://www.mfsr.sk/files/archiv/uhp/3370/76/r3_tvrdosin_nizna_vfm_170620_clean.pdf,1.002.pdf,Success,"Success: 953,222 bytes",953222
1.001,Doprava,Hodnota za peniaze v nákupe rýchlikových vozňov ZSSK,analýza,https://www.mfsr.sk/files/archiv/uhp/3370/76/Rychlikove-vozne-ZSSK_20170505_ed.pdf,1.001.pdf,Success,"Success: 221,770 bytes",221770
2.104,Informatizacia,Infraštruktúra pre elektronickú fakturáciu,hodnotenie,https://www.mfsr.sk/files/sk/financie/hodnota-za-peniaze/hodnotenia/informatizacia/hodnotenie_iinfrastruktura-efaktura.pdf,2.104.pdf,Success,"Success: 185,507 bytes",185507
2.106,Informatizacia,Infraštruktúra pre elektronickú fakturáciu,štúdia uskutočniteľnosti,https://www.mfsr.sk/files/sk/financie/hodnota-za-peniaze/hodnotenia/informatizacia/i-02_projektovy_zamer_projekt_efa_public.pdf,2.106.pdf,Success,"Success: 2,371,373 bytes",2371373
2.103,Informatizacia,Distribuovaný informačný ekosystém pre udržateľný rast a prax špecialistov informačných a komunikačných technológií (rozvoj NetAcad),hodnotenie,https://www.mfsr.sk/files/sk/financie/hodnota-za-peniaze/hodnotenia/informatizacia/hodnotenie_netacad.pdf,2.103.pdf,Success,"Success: 190,393 bytes",190393
2.102,Informatizacia,Informačný systém FARMÁR (aktualizácia),hodnotenie,https://www.mfsr.sk/files/sk/financie/hodnota-za-peniaze/hodnotenia/informatizacia/is_farmar_aktualizacia-hodnotenia.pdf,2.102.pdf,Success,"Success: 155,972 bytes",155972
2.101,Informatizacia,SLA zmluva pre Jednotný informačný systém v cestnej doprave (JISCD),hodnotenie,https://www.mfsr.sk/files/archiv/54/Hodnotenie_JISCD_SLA.pdf,2.101.pdf,Success,"Success: 167,484 bytes",167484
2.1,Informatizacia,Centrálna integračná platforma MZ SR,hodnotenie,https://www.mfsr.sk/files/sk/financie/hodnota-za-peniaze/hodnotenia/informatizacia/hodnotenie_cip_20250709.pdf,2.1.pdf,Success,"Success: 222,024 bytes",222024
2.099,Informatizacia,Modernizácia Platformy pre rozvoj a riešenie prioritných životných situácií,hodnotenie,https://www.mfsr.sk/files/sk/financie/hodnota-za-peniaze/hodnotenia/informatizacia/slovensko-sk-3-0_hodnotenie_uhp_03072025.pdf,2.099.pdf,Success,"Success: 165,294 bytes",165294
2.098,Informatizacia,Národný integrovaný cestovný lístok (aktualizácia),hodnotenie,https://www.mfsr.sk/files/archiv/28/Aktualizacia-hodnotenia_NICL.pdf,2.098.pdf,Success,"Success: 133,825 bytes",133825
2.097,Informatizacia,Kybernetická bezpečnosť v samospráve do 6 000 obyvateľov,hodnotenie,https://www.mfsr.sk/files/sk/financie/hodnota-za-peniaze/hodnotenia/informatizacia/hodnotenie_kyberneticka-bezpecnost-samosprave-do-6-000-obyvatelov.pdf,2.097.pdf,Success,"Success: 261,267 bytes",261267
2.095,Informatizacia,Vývoj a konštrukcia superpočítača pre národné superpočítačové centrum - lokalita Technická univerzita Košice,hodnotenie,https://www.mfsr.sk/files/sk/financie/hodnota-za-peniaze/hodnotenia/informatizacia/aktualizacia-hodnotenia_superpocitac_tuke.pdf,2.095.pdf,Success,"Success: 143,331 bytes",143331
2.094,Informatizacia,Digitálna infraštruktúra škôl – časť Národný centrálny uzol (NCU),hodnotenie,https://www.mfsr.sk/files/sk/financie/hodnota-za-peniaze/hodnotenia/informatizacia/hodnotenie_narodny_centralny_uzol_msvvam.pdf,2.094.pdf,Success,"Success: 183,099 bytes",183099
2.093,Informatizacia,Zabezpečenie výpočtovej techniky na lokalitách v rámci celej SR (aktualizácia),hodnotenie,https://www.mfsr.sk/files/sk/financie/hodnota-za-peniaze/hodnotenia/informatizacia/ikt_ramcova_zmluva_aktualizacia_uhp.pdf,2.093.pdf,Success,"Success: 186,945 bytes",186945
2.096,Informatizacia,Zabezpečenie výpočtovej techniky na lokalitách v rámci celej SR (aktualizácia),Doplnenie hodnotenia,https://www.mfsr.sk/files/sk/financie/hodnota-za-peniaze/hodnotenia/informatizacia/doplnenie-hodnotenia-ikt-ramcova-zmluva.pdf,2.096.pdf,Success,"Success: 89,247 bytes",89247
2.092,Informatizacia,Digitálna infraštruktúra škôl (aktualizácia),hodnotenie,https://www.mfsr.sk/files/sk/financie/hodnota-za-peniaze/hodnotenia-investicnych-projektov/it/digi_infra_skoly_aktualizacia_uhp.pdf,2.092.pdf,Success,"Success: 229,403 bytes",229403
2.091,Informatizacia,"Dátové centrum pre vedu, výskum a inovácie",hodnotenie,https://www.mfsr.sk/files/sk/financie/hodnota-za-peniaze/hodnotenia-investicnych-projektov/it/datove-centrum-vedu-vyskum-inovacie_hodnotenie-uhp-2025.pdf,2.091.pdf,Success,"Success: 208,690 bytes",208690
2.09,Informatizacia,Obnova sieťovej infraštruktúry v pôsobnosti Ministerstva spravodlivosti SR,hodnotenie,https://www.mfsr.sk/files/sk/financie/hodnota-za-peniaze/hodnotenia-investicnych-projektov/it/sietova_infra_hodnotenie_uhp.pdf,2.09.pdf,Success,"Success: 212,050 bytes",212050
2.089,Informatizacia,Národný cestovný lístok (aktualizácia),hodnotenie,https://www.mfsr.sk/files/sk/financie/hodnota-za-peniaze/hodnotenia-investicnych-projektov/it/narodny_cestovny_listok_hodnotenie_uhp.pdf,2.089.pdf,Success,"Success: 153,181 bytes",153181
2.088,Informatizacia,Vývoj a konštrukcia superpočítača pre národné superpočítačové centrum (aktualizácia),hodnotenie,https://www.mfsr.sk/files/sk/financie/hodnota-za-peniaze/hodnotenia-investicnych-projektov/it/aktualizacia-hodnotenia_superpocitac_sav.pdf,2.088.pdf,Success,"Success: 161,456 bytes",161456
2.109,Informatizacia,Vývoj a konštrukcia superpočítača pre národné superpočítačové centrum (aktualizácia),Aktualizovaná štúdia,https://csc.sav.sk/wp-content/uploads/uploaded/download/aktualne-oznamy/Formular_pred_podpisom_ZoD.PDF,2.109.pdf,Success,"Success: 310,644 bytes",310644
2.087,Informatizacia,Rozpočtový informačný systém (RIS),hodnotenie,https://www.mfsr.sk/files/sk/financie/hodnota-za-peniaze/hodnotenia-investicnych-projektov/it/ris_hodnotenie_uhp.pdf,2.087.pdf,Success,"Success: 270,184 bytes",270184
2.107,Informatizacia,Rozpočtový informačný systém (RIS),štúdia uskutočniteľnosti,https://www.mfsr.sk/files/archiv/1/RIS_SU-sprava.pdf,2.107.pdf,Success,"Success: 870,197 bytes",870197
2.086,Informatizacia,Centrálna rámcová dohoda SAP - dodatok č. 1 (aktualizácia),hodnotenie,https://www.mfsr.sk/files/sk/financie/hodnota-za-peniaze/hodnotenia-investicnych-projektov/it/hodnotenie_dodatok_sap.pdf,2.086.pdf,Success,"Success: 144,001 bytes",144001
2.085,Informatizacia,Informačný systém FARMÁR,hodnotenie,https://www.mfsr.sk/files/sk/financie/hodnota-za-peniaze/hodnotenia-investicnych-projektov/it/is-farmar_hodnotenie_uhp.pdf,2.085.pdf,Success,"Success: 175,255 bytes",175255
2.084,Informatizacia,Obnova desktopových licencií pre MPSVaR SR,hodnotenie,https://www.mfsr.sk/files/sk/financie/hodnota-za-peniaze/hodnotenia-investicnych-projektov/it/hodnotenie_msft_mpsvar.pdf,2.084.pdf,Success,"Success: 155,315 bytes",155315
2.083,Informatizacia,​​Rozširovanie riadenia IT aktív – ITAM 2.0​,hodnotenie,https://www.mfsr.sk/files/sk/financie/hodnota-za-peniaze/hodnotenia-investicnych-projektov/it/rozsirovanie-riadenia-it-aktiv-itam-2-0_hodnotenie-uhp-2024.pdf,2.083.pdf,Success,"Success: 196,526 bytes",196526
2.082,Informatizacia,Centrálny ekonomický systém – dodatok č. 3 (aktualizácia),hodnotenie,https://www.mfsr.sk/files/sk/financie/hodnota-za-peniaze/hodnotenia-investicnych-projektov/it/aktualizacia_hodnotenia_ces.pdf,2.082.pdf,Success,"Success: 203,368 bytes",203368
2.081,Informatizacia,Zvýšenie kybernetickej bezpečnosti samospráv do 6 000 obyvateľov,hodnotenie,https://www.mfsr.sk/files/sk/financie/hodnota-za-peniaze/hodnotenia-investicnych-projektov/it/hodnotenie_uhp_dcom.pdf,2.081.pdf,Success,"Success: 279,582 bytes",279582
2.08,Informatizacia,Vybudovanie IT platformy lepšej regulácie podľa stratégie RIA 2020,hodnotenie,https://www.mfsr.sk/files/sk/financie/hodnota-za-peniaze/hodnotenia-investicnych-projektov/it/vybudovanie_it_platformy_lepsej_regulacie_podla_strategie_ria_2020_hodnotenie_uhp_2024.pdf,2.08.pdf,Success,"Success: 221,958 bytes",221958
2.079,Informatizacia,Obnova desktopových licencií pre kapitolu Ministerstva vnútra Slovenskej republiky,hodnotenie,https://www.mfsr.sk/files/sk/financie/hodnota-za-peniaze/hodnotenia-investicnych-projektov/it/hodnotenie_uhp_mv_msft.pdf,2.079.pdf,Success,"Success: 166,760 bytes",166760
2.078,Informatizacia,Obnova desktopových licencií pre kapitolu Ministerstva financií Slovenskej republiky,hodnotenie,https://www.mfsr.sk/files/sk/financie/hodnota-za-peniaze/hodnotenia-investicnych-projektov/it/hodnotenie_uhp_mf_licencie.pdf,2.078.pdf,Success,"Success: 164,319 bytes",164319
2.077,Informatizacia,Modernizácia infraštruktúry pre kľúčové interné systémy MV SR – Etapa 2,hodnotenie,https://www.mfsr.sk/files/archiv/19/Hodnotenie_UHP_DC_MV_20240823.pdf,2.077.pdf,Success,"Success: 209,590 bytes",209590
2.076,Informatizacia,eSKa Cloud (aktualizácia),hodnotenie,https://www.mfsr.sk/files/sk/financie/hodnota-za-peniaze/hodnotenia-investicnych-projektov/it/aktualizacia_hodnotenia_eska-cloud_mirri.pdf,2.076.pdf,Success,"Success: 176,802 bytes",176802
2.075,Informatizacia,Zabezpečenie výpočtovej technicky na lokalitách v rámci celej SR,hodnotenie,https://www.mfsr.sk/files/sk/financie/hodnota-za-peniaze/hodnotenia-investicnych-projektov/it/ikt_ramcova_zmluva_hodnotenie_uhp_20240816.pdf,2.075.pdf,Success,"Success: 182,345 bytes",182345
2.074,Informatizacia,"Pokračovanie obstarávania licencií pre operačný systém, kancelársky balík a prístup používateľov na server na ďalšie obdobie",hodnotenie,https://www.mfsr.sk/files/sk/financie/hodnota-za-peniaze/hodnotenia-investicnych-projektov/it/dns_microsoft_hodnotenie_uhp.pdf,2.074.pdf,Success,"Success: 205,412 bytes",205412
2.11,Informatizacia,"Pokračovanie obstarávania licencií pre operačný systém, kancelársky balík a prístup používateľov na server na ďalšie obdobie",štúdia uskutočniteľnosti,https://mirri.gov.sk/wp-content/uploads/2021/06/PZ_MS_DNS_Pokracovanie_2024-2027.pdf,2.11.pdf,Success,"Success: 748,843 bytes",748843
2.073,Informatizacia,Národný integrovaný cestovný lístok,hodnotenie,https://www.mfsr.sk/files/sk/financie/hodnota-za-peniaze/hodnotenia-investicnych-projektov/it/narodny_cestovny_listok_hodnotenie_uhp_final.pdf,2.073.pdf,Success,"Success: 233,725 bytes",233725
2.072,Informatizacia,Komplexné riešenie výrobných liniek dokladov občanov a cudzincov,hodnotenie,https://www.mfsr.sk/files/sk/financie/hodnota-za-peniaze/hodnotenia-investicnych-projektov/it/nova_lokalita_npc_hodnotenie_uhp.pdf,2.072.pdf,Success,"Success: 195,944 bytes",195944
2.071,Informatizacia,Vývoj a konštrukcia superpočítača pre národné superpočítačové centrum (aktualizácia),analýza,https://www.mfsr.sk/files/sk/financie/hodnota-za-peniaze/hodnotenia-investicnych-projektov/it/aktualizacia_hodnotenia_superpocitac_sav.pdf,2.071.pdf,Success,"Success: 169,484 bytes",169484
2.108,Informatizacia,Vývoj a konštrukcia superpočítača pre národné superpočítačové centrum (aktualizácia),aktualizácia,https://csc.sav.sk/wp-content/uploads/Formular_priloha_zverejnenie.pdf,2.108.pdf,Success,"Success: 2,094,689 bytes",2094689
2.07,Informatizacia,"Posilnenie prevencie, zvýšenie rýchlosti detekcie a riešenia incidentov (akt.)",analýza,https://www.mfsr.sk/files/sk/financie/hodnota-za-peniaze/hodnotenia-investicnych-projektov/it/hodnotenie_uhp_ewsaktualizacia.pdf,2.07.pdf,Success,"Success: 441,948 bytes",441948
2.069,Informatizacia,Prevádzka služby eKolok na obdobie 10 rokov,analýza,https://www.mfsr.sk/files/archiv/88/eKolok_MF_SR_hodnotenie_UHP.pdf,2.069.pdf,Success,"Success: 201,305 bytes",201305
2.068,Informatizacia,"Posilnenie preventívnych opatrení, zvýšenie rýchlosti detekcie a riešenia incidentov",analýza,https://www.mfsr.sk/files/sk/financie/hodnota-za-peniaze/hodnotenia-investicnych-projektov/it/hodnotenie_uhp_ews.pdf,2.068.pdf,Success,"Success: 435,731 bytes",435731
2.067,Informatizacia,Informačný monitorovací systém pre programové obdobie na roky 2021-2027 (ITMS21+) - aktualizácia,analýza,https://www.mfsr.sk/files/archiv/31/Hodnotenie_UHP_ITMS21_akt.pdf,2.067.pdf,Success,"Success: 411,283 bytes",411283
2.066,Informatizacia,Vybudovanie udržateľného HPC ekosystému na Slovensku,analýza,https://www.mfsr.sk/files/archiv/19/Superpocitac_MIRRI_SR_hodnotenie_UHP.pdf,2.066.pdf,Success,"Success: 253,173 bytes",253173
2.065,Informatizacia,Národný plán širokopásmového pripojenia,analýza,https://www.mfsr.sk/files/archiv/37/Hodnotenie_UHP_UFB.pdf,2.065.pdf,Success,"Success: 191,407 bytes",191407
2.064,Informatizacia,Obnova HW vybavenia obcí zapojených do IS DCOM (ako súčasť projektu DCOM+) – aktualizácia,analýza,https://www.mfsr.sk/files/archiv/14/Hodnotenie_UHP_DeusHWAktualizacia_20230301.pdf,2.064.pdf,Success,"Success: 515,946 bytes",515946
2.063,Informatizacia,Cloud MIRRI SR,analýza,https://www.mfsr.sk/files/archiv/88/Cloud_MIRRI_SR_hodnotenie_UHP_20230221.pdf,2.063.pdf,Success,"Success: 243,205 bytes",243205
2.062,Informatizacia,Optimalizácia procesov riadenia a prevádzky Zboru väzenskej a justičnej stráže (aktualizácia),analýza,https://www.mfsr.sk/files/archiv/47/Hodnotenie_UHP_ZVJSaktualizacia_20230209.pdf,2.062.pdf,Success,"Success: 411,928 bytes",411928
2.061,Informatizacia,Digitálna infraštruktúra škôl,analýza,https://www.mfsr.sk/files/archiv/91/Digitalna_infrastruktura_hodnotenie_UHP_20230118.pdf,2.061.pdf,Success,"Success: 230,734 bytes",230734
2.06,Informatizacia,Digitálne vybavenie škôl,analýza,https://www.mfsr.sk/files/archiv/22/Hodnotenie_UHP_DigVybavenieSkol_20230118.pdf,2.06.pdf,Success,"Success: 420,981 bytes",420981
2.059,Informatizacia,Sanácia prevádzkyschopnosti Národného personalizačného centra,analýza,https://www.mfsr.sk/files/archiv/33/Sanacia_NPC_hodnotenie_UHP_20221111.pdf,2.059.pdf,Success,"Success: 233,634 bytes",233634
2.058,Informatizacia,Digitalizácia a modernizácia elektronických služieb štátnych archívov v európskom kontexte,analýza,https://www.mfsr.sk/files/archiv/92/Hodnotenie_UHP_digitalizaciaarchivov_20221110.pdf,2.058.pdf,Success,"Success: 163,631 bytes",163631
2.057,Informatizacia,Informačný monitorovací systém pre programové obdobie na roky 2021-2027 (ITMS21+),analýza,https://www.mfsr.sk/files/archiv/59/Hodnotenie_UHP_ITMS21_20221026.pdf,2.057.pdf,Success,"Success: 403,647 bytes",403647
2.056,Informatizacia,Dynamický nákupný systém cloudových služieb,analýza,https://www.mfsr.sk/files/archiv/96/DNS_Cloud_MIRRI_SR_hodnotenie_UHP_20221005.pdf,2.056.pdf,Success,"Success: 237,531 bytes",237531
2.055,Informatizacia,Zvýšenie kapacity vládneho cloudu v Datacentre Kopčianska (aktualizácia),analýza,https://www.mfsr.sk/files/archiv/2/Hodnotenie_aktualizacia_kopcianska_20221004.pdf,2.055.pdf,Success,"Success: 317,758 bytes",317758
2.054,Informatizacia,Rezortný privátny cloud Ministerstva financií SR,analýza,https://www.mfsr.sk/files/archiv/61/Cloud_MF_SR_hodnotenie_UHP_20221003.pdf,2.054.pdf,Success,"Success: 406,758 bytes",406758
2.053,Informatizacia,Vybudovanie informačného systému na poskytovanie Leteckých informačných služieb (IS LIS),analýza,https://www.mfsr.sk/files/archiv/24/Hodnotenie_UHP_ISLeteckychSluzieb_20220916.pdf,2.053.pdf,Success,"Success: 538,886 bytes",538886
2.052,Informatizacia,Obnova HW vybavenia obcí zapojených do IS DCOM (ako súčasť projektu DCOM+),analýza,https://www.mfsr.sk/files/archiv/76/Hodnotenie_UHP_ObnovaHW_20220916.pdf,2.052.pdf,Success,"Success: 204,100 bytes",204100
2.051,Informatizacia,"Nákup licencií pre operačný systém, kancelársky balík a prístup používateľov na server – MV SR",analýza,https://www.mfsr.sk/files/archiv/94/microsoft_MVSR_hodnotenie_UHP_20211005.pdf,2.051.pdf,Success,"Success: 245,706 bytes",245706
2.05,Informatizacia,"Nákup licencií pre operačný systém, kancelársky balík a prístup používateľov na server – MO SR",analýza,https://www.mfsr.sk/files/archiv/61/microsoft_MOSR_hodnotenie_UHP_20210922_1300.pdf,2.05.pdf,Success,"Success: 253,402 bytes",253402
2.049,Informatizacia,"Nákup licencií pre operačný systém, kancelársky balík a prístup používateľov na server – MO SR",štúdia uskutočniteľnosti,https://www.mosr.sk/data/files/4463_210804_studia-uskutocnitelnosti.pdf,2.049.pdf,Success,"Success: 251,761 bytes",251761
2.048,Informatizacia,"Nákup licencií pre operačný systém, kancelársky balík a prístup používateľov na server – MO SR",analýza,https://www.mosr.sk/data/files/4461_analyza.pdf,2.048.pdf,Success,"Success: 1,053,494 bytes",1053494
2.047,Informatizacia,"Nákup licencií pre operačný systém, kancelársky balík a prístup používateľov na server – MO SR",Doplnenie štúdie uskutočniteľnosti,https://www.mosr.sk/data/files/4474_210910_studia-uskutocnitelnosti-spresnenie.pdf,2.047.pdf,Success,"Success: 782,461 bytes",782461
2.046,Informatizacia,Slovensko v mobile,analýza,https://www.mfsr.sk/files/archiv/83/SvM_UHP_hodnotenie_20210518.pdf,2.046.pdf,Success,"Success: 157,018 bytes",157018
2.045,Informatizacia,"Nákup licencií pre operačný systém, kancelársky balík a prístup používateľov na server",analýza,https://www.mfsr.sk/files/archiv/36/microsoft_hodnotenie_UHP_20210511.pdf,2.045.pdf,Success,"Success: 337,281 bytes",337281
2.044,Informatizacia,eCommerce - Zásielky nízkej hodnoty,analýza,https://www.mfsr.sk/files/archiv/88/eCommerce_201203_web.pdf,2.044.pdf,Success,"Success: 302,678 bytes",302678
2.043,Informatizacia,Zmluva na prevádzku a rozvoj systému Portál finančnej správy (PFS),analýza,https://www.mfsr.sk/files/archiv/65/pfs_sla_hodnotenie_20200316.pdf,2.043.pdf,Success,"Success: 269,088 bytes",269088
2.105,Informatizacia,Zmluva na prevádzku a rozvoj systému Portál finančnej správy (PFS),štúdia uskutočniteľnosti,https://www.mfsr.sk/files/archiv/96/Dokument-PredmetSLArozvojPFS2020v_public.pdf,2.105.pdf,Failed,HTTP error: 404,0
2.042,Informatizacia,Zvýšenie kapacity vládneho cloudu v Datacentre Tajov,analýza,https://www.mfsr.sk/files/archiv/65/IaaS_Tajov_UHP_hodnotenie_200122.pdf,2.042.pdf,Success,"Success: 336,956 bytes",336956
2.041,Informatizacia,Zmluva na prevádzku a rozvoj systému Rozpočtový informačný systém (RIS),analýza,https://www.mfsr.sk/files/archiv/71/RIS_SLA_hodnotenie_20191206.pdf,2.041.pdf,Success,"Success: 271,267 bytes",271267
2.04,Informatizacia,Informačný systém komplexného vybavenia cestujúcich,analýza,https://www.mfsr.sk/files/archiv/37/KVC_UHP_hodnotenie_20190812_2.pdf,2.04.pdf,Success,"Success: 284,238 bytes",284238
2.039,Informatizacia,Vládny cloud – rozšírenie o Komunitný zdravotnícky cloud,analýza,https://www.mfsr.sk/files/archiv/86/ZDE_UHP_hodnotenie_20190701.pdf,2.039.pdf,Success,"Success: 263,665 bytes",263665
2.038,Informatizacia,Centrum ochrany kritickej infraštruktúry a podpora činností v oblasti krízového riadenia Slovenskej republiky v gescii MH SR,analýza,https://www.mfsr.sk/files/archiv/27/MH_SR_Krit_infra_UHP_hodnotenie_190701.pdf,2.038.pdf,Success,"Success: 286,083 bytes",286083
2.037,Informatizacia,Atlas pasívnej infraštruktúry,analýza,https://www.mfsr.sk/files/archiv/62/API_UHP_hodnotenie_20190611.pdf,2.037.pdf,Success,"Success: 280,048 bytes",280048
2.036,Informatizacia,"Vybudovanie Centra simulácie, výskumu a výuky kybernetických hrozieb a kybernetickej bezpečnosti",analýza,https://www.mfsr.sk/files/archiv/94/kyberarena_UHP_hodnotenie_20190611.pdf,2.036.pdf,Success,"Success: 283,561 bytes",283561
2.035,Informatizacia,Centrálny systém súdneho riadenia,analýza,https://www.mfsr.sk/files/archiv/19/CSSR_UHP_hodnotenie_20190611.pdf,2.035.pdf,Success,"Success: 465,102 bytes",465102
2.034,Informatizacia,Vybudovanie nosnej infraštruktúry bezpečného informačno-komunikačného systému FS SR,analýza,https://www.mfsr.sk/files/archiv/35/CyberFS_UHP_hodnotenie_20190611.pdf,2.034.pdf,Success,"Success: 265,394 bytes",265394
2.033,Informatizacia,Rozšírenie portfólia služieb a inovácia služieb elektronického zdravotníctva,analýza,https://www.mfsr.sk/files/archiv/76/ESO2_UHP_hodnotnie_20190611.pdf,2.033.pdf,Success,"Success: 258,734 bytes",258734
2.032,Informatizacia,Zvýšenie kapacity vládneho cloudu v Datacentre Kopčianska,analýza,https://www.mfsr.sk/files/archiv/3/IaaS_Kopc_UHP_hodnotenie_20190611.pdf,2.032.pdf,Success,"Success: 293,831 bytes",293831
2.031,Informatizacia,Konsolidovaná analytická vrstva,analýza,https://www.mfsr.sk/files/archiv/25/KAV_UHP_hodnotenie_190611.pdf,2.031.pdf,Success,"Success: 266,780 bytes",266780
2.03,Informatizacia,Jednotný informačný systém štatistických údajov,analýza,https://www.mfsr.sk/files/archiv/34/JISSU_UHP_hodnotenie_20190611.pdf,2.03.pdf,Success,"Success: 451,838 bytes",451838
2.029,Informatizacia,"Sčítanie obyvateľov, domov a bytov 2021",analýza,https://www.mfsr.sk/files/archiv/81/SODB21_UHP_hodnotenie_190509.pdf,2.029.pdf,Success,"Success: 356,699 bytes",356699
2.026,Informatizacia,Modernizácia dávkových agend Sociálnej poisťovne,analýza,https://www.mfsr.sk/files/archiv/9/MODA_UHP_hodnotenie_20190423.pdf,2.026.pdf,Success,"Success: 262,753 bytes",262753
2.028,Informatizacia,IT platforma lepšej regulácie podľa stratégie RIA 2020 - 2. fáza,analýza,https://www.mfsr.sk/files/archiv/10/RIA_hodnotenie_UHP_2019-04-24_bez_TC.pdf,2.028.pdf,Success,"Success: 473,637 bytes",473637
2.027,Informatizacia,Elektronizácia služieb regionálneho a vysokého školstva SR,analýza,https://www.mfsr.sk/files/archiv/66/MS_UHP_hodnotenie_190424.pdf,2.027.pdf,Success,"Success: 272,375 bytes",272375
2.025,Informatizacia,Služby certifikačnej autority pre FS (PKI služby pre FS) a PKI e-Kasa,analýza,https://www.mfsr.sk/files/archiv/50/PKI_FS_hodnotenie_20190408_1530.pdf,2.025.pdf,Success,"Success: 235,068 bytes",235068
2.024,Informatizacia,Systém verejného obstarávania,analýza,https://www.mfsr.sk/files/archiv/55/SVO_UHP_hodnotenie_20190220.pdf,2.024.pdf,Success,"Success: 260,615 bytes",260615
2.023,Informatizacia,Pamiatkový informačný systém,analýza,https://www.mfsr.sk/files/archiv/4/PAMIS_UHP_hodnotenie_20190220.pdf,2.023.pdf,Success,"Success: 264,063 bytes",264063
2.022,Informatizacia,Digitálny ekosystém inklúzie,analýza,https://www.mfsr.sk/files/archiv/83/DEI_UHP_hodnotenie_20190220_1030.pdf,2.022.pdf,Success,"Success: 271,769 bytes",271769
2.021,Informatizacia,Centrálna API Manažment Platforma,analýza,https://www.mfsr.sk/files/archiv/63/API_GW_UHP_hodnotenie_20190220.pdf,2.021.pdf,Success,"Success: 263,511 bytes",263511
2.02,Informatizacia,Zefektívnenie štátneho dozoru v starostlivosti o životné prostredie,analýza,https://www.mfsr.sk/files/archiv/34/SIZP_UHP_hodnotenie_20190215.pdf,2.02.pdf,Success,"Success: 459,374 bytes",459374
2.019,Informatizacia,Zabezpečenie efektívneho používania služieb ESO1 poskytovateľmi zdravotnej starostlivosti na celom území SR (projekt ESO1 – D),analýza,https://www.mfsr.sk/files/archiv/79/ESO1D_UHP_hodnotenie_20181215.pdf,2.019.pdf,Success,"Success: 274,080 bytes",274080
2.018,Informatizacia,Online procesy eZdravia,analýza,https://www.mfsr.sk/files/archiv/17/OPE_UHP_hodnotenie_20181206.pdf,2.018.pdf,Success,"Success: 251,248 bytes",251248
2.017,Informatizacia,Optimalizácia procesov riadenia a prevádzky Zboru väzenskej a justičnej stráže,analýza,https://www.mfsr.sk/files/archiv/71/ZVJS_UHP_hodnotenie_181210.pdf,2.017.pdf,Success,"Success: 300,643 bytes",300643
2.016,Informatizacia,Informačný systém elektronickej fakturácie,analýza,https://www.mfsr.sk/files/archiv/uhp/3370/76/efaktura_UHP_hodnotenie_20181009_titulka.pdf,2.016.pdf,Success,"Success: 252,082 bytes",252082
2.013,Informatizacia,Inklúzia prostredníctvom komplexného elektronického riešenia problematiky parkovania osôb s ťažkým zdravotným postihnutím,analýza,https://www.mfsr.sk/files/archiv/uhp/3370/76/einkluzia_UHP_hodnotenie_20181010.pdf,2.013.pdf,Success,"Success: 285,356 bytes",285356
2.015,Informatizacia,Integrovaný informačný systém Úradu verejného zdravotníctva,analýza,https://www.mfsr.sk/files/archiv/uhp/3370/76/IS_UVZ_UHP_hodnotenie_20181010.pdf,2.015.pdf,Success,"Success: 321,490 bytes",321490
2.014,Informatizacia,Jednotný prístup k priestorovým údajom a službám,analýza,https://www.mfsr.sk/files/archiv/uhp/3370/76/JPPUS_UHP_hodnotenie_20181010_final.pdf,2.014.pdf,Success,"Success: 284,877 bytes",284877
2.012,Informatizacia,"IT projekty Ministerstva vnútra SR (Centrálne komponenty verejnej správy, Riadenie procesov a dát pre OÚ, PZ a HaZZ, Digitálne pracovné prostredie zamestnanca MV SR)",analýza,https://www.mfsr.sk/files/archiv/uhp/3370/76/Stanovisko_MVSR_projekty.pdf,2.012.pdf,Success,"Success: 414,060 bytes",414060
2.111,Informatizacia,Hodnota za peniaze projektu ESKO 2,stanovisko,https://www.mfsr.sk/files/archiv/uhp/3370/76/Hodnota-za-peniaze-projektu-ESKO-2_stanovisko-UHP.pdf,2.111.pdf,Success,"Success: 221,926 bytes",221926
2.011,Informatizacia,Zabezpečenie kancelárskych softvérových licencií pre štátnu správu,stanovisko,https://www.mfsr.sk/files/archiv/36/microsoft_stanovisko_UHP_20190815.pdf,2.011.pdf,Success,"Success: 281,070 bytes",281070
2.01,Informatizacia,Stanovisko ÚHP MFSR ku hodnoteniu IT projektov predložených na 6. zasadnutie Riadiaceho výboru PO7 OPII,stanovisko,https://www.mfsr.sk/files/archiv/uhp/3370/76/Stanovisko-UHP-MFSR-ku-hodnoteniu-IT-projektov.pdf,2.01.pdf,Success,"Success: 115,082 bytes",115082
2.009,Informatizacia,Zavedenie služieb Platform as a Service,analýza,https://www.mfsr.sk/files/archiv/uhp/3370/76/Stanovisko_PaaS_UHP_180418.pdf,2.009.pdf,Success,"Success: 393,930 bytes",393930
2.008,Informatizacia,"Zvyšovanie úžitkovej hodnoty digitálnych služieb pre občanov, podnikateľov a inštitúcie verejnej správy",analýza,https://www.mfsr.sk/files/archiv/uhp/3370/76/Stanovisko_UPVS_UHP_180418.pdf,2.008.pdf,Success,"Success: 555,750 bytes",555750
2.007,Informatizacia,Rozvoj platformy integrácie údajov a Manažment osobných údajov,analýza,https://www.mfsr.sk/files/archiv/uhp/3370/76/Stanovisko_RozvojCSRU_UHP_20180418.pdf,2.007.pdf,Success,"Success: 452,280 bytes",452280
2.006,Informatizacia,IT platforma lepšej regulácie podľa stratégie RIA 2020,analýza,https://www.mfsr.sk/files/archiv/uhp/3370/76/RIA_stanovisko_UHP_2018-04-18.pdf,2.006.pdf,Success,"Success: 470,510 bytes",470510
2.005,Informatizacia,Informačný systém výstavby,analýza,https://www.mfsr.sk/files/archiv/uhp/3370/76/ISV_stanovisko_UHP_20180228.pdf,2.005.pdf,Success,"Success: 511,951 bytes",511951
2.003,Informatizacia,Dátová integrácia: Sprístupnenie údajovej základne VS,analýza,https://www.mfsr.sk/files/archiv/uhp/3370/76/Datova_integracia_stanovisko_UHP_20171211.pdf,2.003.pdf,Success,"Success: 527,552 bytes",527552
2.004,Informatizacia,Migrácia IS obcí do vládneho cloudu - Plošné rozšírenie IS DCOM - 2. etapa (DCOM+),analýza,https://www.mfsr.sk/files/archiv/uhp/3370/76/Stanovisko_DCOM_UHP_20171211.pdf,2.004.pdf,Success,"Success: 540,811 bytes",540811
2.002,Informatizacia,Informačný systém  Obchodného registra SR,analýza,https://www.mfsr.sk/files/archiv/uhp/3370/76/stanovisko_ORSR_UHP_170512.pdf,2.002.pdf,Success,"Success: 296,790 bytes",296790
2.001,Informatizacia,Centrálny ekonomický systém,analýza,https://www.mfsr.sk/files/archiv/uhp/3370/76/stanovisko_CES_VfM_170503.pdf,2.001.pdf,Success,"Success: 436,238 bytes",436238
5.015,Ostatne,Obmena hasičských cisternových striekačiek CAS 30,hodnotenie,https://www.mfsr.sk/files/sk/financie/hodnota-za-peniaze/hodnotenia/ostatne/hodnotenie_hasicskych_striekaciek.pdf,5.015.pdf,Success,"Success: 447,370 bytes",447370
5.018,Ostatne,Obmena hasičských cisternových striekačiek CAS 30,štúdia uskutočniteľnosti,https://www.minv.sk/swift_data/source/hasici_a_zachranari/gegussova/odovodnenie_investicie/studia%20uskutocnitelnosti%20CAS30%20v2.pdf,5.018.pdf,Success,"Success: 1,245,230 bytes",1245230
5.014,Ostatne,Plán rozvoja Leteckého útvaru MV SR pre oblasť vrtuľníkovej techniky,hodnotenie,https://www.mfsr.sk/files/sk/financie/hodnota-za-peniaze/hodnotenia/ostatne/hodnotenie_plan-rozvoja-leteckeho-utvaru-mvsr-vyhladom-do-roku-2031-oblast-vrtulnikove.pdf,5.014.pdf,Success,"Success: 202,997 bytes",202997
5.019,Ostatne,Plán rozvoja Leteckého útvaru MV SR pre oblasť vrtuľníkovej techniky,štúdia uskutočniteľnosti,https://www.mfsr.sk/files/sk/financie/hodnota-za-peniaze/hodnotenia/ostatne/studia_heli_nakup_2025.pdf,5.019.pdf,Success,"Success: 803,248 bytes",803248
5.013,Ostatne,"Koncepčný plán obnovy osobných automobilov do 3,5 t Ministerstva obrany Slovenskej republiky na roky 2024 - 2027",hodnotenie,https://www.mfsr.sk/files/sk/financie/hodnota-za-peniaze/hodnotenia-investicnych-projektov/ostatne/koncepcny-plan-obnovy-osobnych-automobilov-mo-sr-final1.pdf,5.013.pdf,Success,"Success: 242,172 bytes",242172
5.012,Ostatne,Zvýšenie majetkovej účasti štátu v Exportno-importnej banke Slovenskej republiky,hodnotenie,https://www.mfsr.sk/files/sk/financie/hodnota-za-peniaze/hodnotenia-investicnych-projektov/ostatne/hodnotenie_zvysenie-majetkovej-ucasti-statu-exportno-importnej-banke-slovenskej-republiky.pdf,5.012.pdf,Success,"Success: 207,891 bytes",207891
5.017,Ostatne,Zvýšenie majetkovej účasti štátu v Exportno-importnej banke Slovenskej republiky,štúdia uskutočniteľnosti,https://www.mfsr.sk/files/archiv/91/Studia_uskutocnitelnosti_investicie_zvysenie-majetkovej_ucasti_statu_v_EXIMBANKE_SR.pdf,5.017.pdf,Success,"Success: 1,023,458 bytes",1023458
5.011,Ostatne,Nákup hasičských automobilov s plošinami,hodnotenie,https://www.mfsr.sk/files/sk/financie/hodnota-za-peniaze/hodnotenia-investicnych-projektov/ostatne/nakup-hasicskych-automobilov-plosinami_hodnotenie-uhp.pdf,5.011.pdf,Success,"Success: 372,407 bytes",372407
5.01,Ostatne,Hospodárstvo: ŠURANY INDUSTRIAL PARK,analýza,https://www.mfsr.sk/files/archiv/10/Hodnotenie_PP-Surany_20240528.pdf,5.01.pdf,Success,"Success: 148,371 bytes",148371
5.009,Ostatne,Vnútro: Obmena automobilov hasičskej záchrannej služby kategórie 1B,analýza,https://www.mfsr.sk/files/archiv/9/Hodnotenie_vozidla1B20230428.pdf,5.009.pdf,Success,"Success: 244,753 bytes",244753
5.016,Ostatne,Vnútro: Obmena automobilov hasičskej záchrannej služby kategórie 1B,štúdia uskutočniteľnosti,https://www.minv.sk/swift_data/source/hasici_a_zachranari/krizanova_foto/rok_2023/marec_2023/odovodnenie_investicie_obmena_automobilov_hasicskej_zachrannej_sluzby_kategorie_1b_studia_uskutocnitelnosti/studia uskutocnitelnosti_AHZS 1B_v9.pdf,5.016.pdf,Success,"Success: 1,331,791 bytes",1331791
5.008,Ostatne,Vnútro: Automatizácia systému odhaľovania porušení pravidiel cestnej premávky,analýza,https://www.mfsr.sk/files/archiv/67/UHP-Hodnotenie_ASOPPCP.pdf,5.008.pdf,Success,"Success: 324,185 bytes",324185
5.007,Ostatne,Hospodárstvo: Rozvoj strategického územia Valaliky (aktualizácia),analýza,https://www.mfsr.sk/files/archiv/16/Hodnotenie_Rozvoj-strategickeho-uzemia-Valaliky_20230130.pdf,5.007.pdf,Success,"Success: 522,162 bytes",522162
5.006,Ostatne,Výstavba telocviční a školských dvorov na ZŠ (štúdia uskutočniteľnosti),analýza,https://www.mfsr.sk/files/archiv/20/Vystavba-telocvicni-a-skolskych-dvorov-na-ZS_hodnotenie-062022.pdf,5.006.pdf,Success,"Success: 415,425 bytes",415425
5.005,Ostatne,Národné kultúrne a kongresové centrum,analýza,https://www.mfsr.sk/files/archiv/29/Hodnotenie_NKKC_211214.pdf,5.005.pdf,Success,"Success: 417,235 bytes",417235
5.004,Ostatne,Hospodárstvo: Priemyselný park Valaliky,analýza,https://www.mfsr.sk/files/archiv/24/Hodnotenie_Valaliky_211008.pdf,5.004.pdf,Success,"Success: 335,392 bytes",335392
5.001,Ostatne,Spravodlivosť: Výstavba väznice v Rimavskej Sobote formou PPP,analýza,https://www.mfsr.sk/files/archiv/uhp/3370/76/vaznica_RS_stanovisko_180111_web.pdf,5.001.pdf,Success,"Success: 320,950 bytes",320950
5.002,Ostatne,Spravodlivosť: Výstavba väznice v Rimavskej Sobote formou PPP,Prognóza,http://www.zvjs.sk/dokumenty/PDF/Akt_pro_obv_ods_2035.pdf,5.002.pdf,Failed,HTTP error: 404,0
5.003,Ostatne,Spravodlivosť: Výstavba väznice v Rimavskej Sobote formou PPP,štúdia uskutočniteľnosti,http://www.zvjs.sk/dokumenty/GRZVJS-aktualizacia_studie_usk_.pdf,5.003.pdf,Failed,HTTP error: 404,0
