Sector,Project Name,Type,URL,Date,File Size,Document_ID
Ostatne,Obmena hasičských cisternových striekačiek CAS 30,hodnotenie,https://www.mfsr.sk/files/sk/financie/hodnota-za-peniaze/hodnotenia/ostatne/hodnotenie_hasicskych_striekaciek.pdf,15.8.2025,436 kB,5.014
Ostatne,Obmena hasičských cisternových striekačiek CAS 30,štúdia uskutočniteľnosti,https://www.minv.sk/swift_data/source/hasici_a_zachranari/gegussova/odovodnenie_investicie/studia%20uskutocnitelnosti%20CAS30%20v2.pdf,,"1,2 MB",5.015
Ostatne,Plán rozvoja Leteckého útvaru MV SR pre oblasť vrtuľníkovej techniky,hodnotenie,https://www.mfsr.sk/files/sk/financie/hodnota-za-peniaze/hodnotenia/ostatne/hodnotenie_plan-rozvoja-leteckeho-utvaru-mvsr-vyhladom-do-roku-2031-oblast-vrtulnikove.pdf,10.7.2025,198 kB,5.013
Ostatne,Plán rozvoja Leteckého útvaru MV SR pre oblasť vrtuľníkovej techniky,štúdia uskutočniteľnosti,https://www.mfsr.sk/files/sk/financie/hodnota-za-peniaze/hodnotenia/ostatne/studia_heli_nakup_2025.pdf,,784 kB,5.016
Ostatne,"Koncepčný plán obnovy osobných automobilov do 3,5 t Ministerstva obrany Slovenskej republiky na roky 2024 - 2027",hodnotenie,https://www.mfsr.sk/files/sk/financie/hodnota-za-peniaze/hodnotenia-investicnych-projektov/ostatne/koncepcny-plan-obnovy-osobnych-automobilov-mo-sr-final1.pdf,12.6.2024,245 kB,5.012
Ostatne,Zvýšenie majetkovej účasti štátu v Exportno-importnej banke Slovenskej republiky,hodnotenie,https://www.mfsr.sk/files/sk/financie/hodnota-za-peniaze/hodnotenia-investicnych-projektov/ostatne/hodnotenie_zvysenie-majetkovej-ucasti-statu-exportno-importnej-banke-slovenskej-republiky.pdf,11.6.2024,204 kB,5.011
Ostatne,Zvýšenie majetkovej účasti štátu v Exportno-importnej banke Slovenskej republiky,štúdia uskutočniteľnosti,https://www.mfsr.sk/files/archiv/91/Studia_uskutocnitelnosti_investicie_zvysenie-majetkovej_ucasti_statu_v_EXIMBANKE_SR.pdf,,999 kB,5.017
Ostatne,Nákup hasičských automobilov s plošinami,hodnotenie,https://www.mfsr.sk/files/sk/financie/hodnota-za-peniaze/hodnotenia-investicnych-projektov/ostatne/nakup-hasicskych-automobilov-plosinami_hodnotenie-uhp.pdf,31.5.2024,363 kB,5.010
Ostatne,Hospodárstvo: ŠURANY INDUSTRIAL PARK,analýza,https://www.mfsr.sk/files/archiv/10/Hodnotenie_PP-Surany_20240528.pdf,28.5.2024,,5.009
Ostatne,Vnútro: Obmena automobilov hasičskej záchrannej služby kategórie 1B,analýza,https://www.mfsr.sk/files/archiv/9/Hodnotenie_vozidla1B20230428.pdf,28.4.2023,247 kB,5.008
Ostatne,Vnútro: Obmena automobilov hasičskej záchrannej služby kategórie 1B,štúdia uskutočniteľnosti,https://www.minv.sk/swift_data/source/hasici_a_zachranari/krizanova_foto/rok_2023/marec_2023/odovodnenie_investicie_obmena_automobilov_hasicskej_zachrannej_sluzby_kategorie_1b_studia_uskutocnitelnosti/studia uskutocnitelnosti_AHZS 1B_v9.pdf,,,5.018
Ostatne,Vnútro: Automatizácia systému odhaľovania porušení pravidiel cestnej premávky,analýza,https://www.mfsr.sk/files/archiv/67/UHP-Hodnotenie_ASOPPCP.pdf,5.4.2023,316 kB,5.007
Ostatne,Hospodárstvo: Rozvoj strategického územia Valaliky (aktualizácia),analýza,https://www.mfsr.sk/files/archiv/16/Hodnotenie_Rozvoj-strategickeho-uzemia-Valaliky_20230130.pdf,30.1.2023,509 kB,5.006
Ostatne,Výstavba telocviční a školských dvorov na ZŠ (štúdia uskutočniteľnosti),analýza,https://www.mfsr.sk/files/archiv/20/Vystavba-telocvicni-a-skolskych-dvorov-na-ZS_hodnotenie-062022.pdf,3.6.2022,405 kB,5.005
Ostatne,Národné kultúrne a kongresové centrum,analýza,https://www.mfsr.sk/files/archiv/29/Hodnotenie_NKKC_211214.pdf,15.12.2021,408 kB,5.004
Ostatne,Hospodárstvo: Priemyselný park Valaliky,analýza,https://www.mfsr.sk/files/archiv/24/Hodnotenie_Valaliky_211008.pdf,08.10.2021,328 kB,5.003
Ostatne,Spravodlivosť: Výstavba väznice v Rimavskej Sobote formou PPP,analýza,https://www.mfsr.sk/files/archiv/uhp/3370/76/vaznica_RS_stanovisko_180111_web.pdf,11.1.2018,313 kB,5.001
Ostatne,Spravodlivosť: Výstavba väznice v Rimavskej Sobote formou PPP,štúdia uskutočniteľnosti,http://www.zvjs.sk/dokumenty/GRZVJS-aktualizacia_studie_usk_.pdf,11.1.2018,"12,9 MB",5.002
Obrana,Rekonštrukcia leteckej základne Sliač (aktualizácia pred podpisom zmluvy),hodnotenie,https://www.mfsr.sk/files/archiv/28/mo_sliac_aktualizacia_zmluva_20250123.pdf,23.1.2025,140 kB,4.015
Obrana,Rekonštrukcia leteckej základne Sliač (aktualizácia pred podpisom zmluvy),štúdia uskutočniteľnosti,https://www.mosr.sk/data/files/5761_priloha-7-formular-na-aktualizaciu-studie-uskutocnitelnosti-pred-vytvorenim-zavazku-podpisom-zmluvy-final.pdf,,,4.024
Obrana,Rekonštrukcia leteckej základne Sliač (aktualizácia),hodnotenie,https://www.mfsr.sk/files/archiv/28/MO_Sliac_aktualizacia_20241004.pdf,4.10.2024,165 kB,4.014
Obrana,Rekonštrukcia leteckej základne Sliač (aktualizácia),štúdia uskutočniteľnosti,https://www.mosr.sk/data/files/5691_semai-195-20-2024.pdf,,,4.017
Obrana,"Obstaranie útočnej pušky 5,56 mm s príslušenstvom",hodnotenie,https://www.mfsr.sk/files/archiv/48/UHP_Hodnotenie_Utocne-pusky.pdf,18.10.2023,405 kB,4.013
Obrana,"Obstaranie útočnej pušky 5,56 mm s príslušenstvom",štúdia uskutočniteľnosti,https://www.mosr.sk/data/files/5222_tudia-uskutocnitelnosti-obstarania-556mm-utocnej-pusky-s-prislusenstvom.pdf,,,4.018
Obrana,Akvizícia palebných prostriedkov protivzdušnej obrany – prvá etapa (aktualizácia),analýza,https://www.mfsr.sk/files/archiv/6/UHP_MO_Aktualizacia_PVO.pdf,19.9.2023,692 kB,4.012
Obrana,Akvizícia palebných prostriedkov protivzdušnej obrany – prvá etapa (aktualizácia),štúdia uskutočniteľnosti,https://www.mosr.sk/data/files/5202_formular-na-aktualizaciu-studie-uskutocnitelnosti-obstarania-pp-pvo-prva-etapa.pdf,,,4.021
Obrana,Obstarávanie stavby na leteckej základni Sliač,analýza,https://www.mfsr.sk/files/archiv/51/LZ-Sliac_hodnotenie_UHP.pdf,9.6.2023,361 kB,4.011
Obrana,Obstarávanie stavby na leteckej základni Sliač,štúdia uskutočniteľnosti,https://www.mosr.sk/data/files/5064_zverejnenie-studie-uskutocnitelnosti-obstaravania-stavby-na-leteckej-zakladni-sliac.pdf,,,4.022
Obrana,Akvizícia prostriedkov protivzdušnej obrany (projektový zámer),analýza,https://www.mfsr.sk/files/archiv/93/Hodnotenie_PVO.pdf,27.4.2023,425 kB,4.010
Obrana,Akvizícia prostriedkov protivzdušnej obrany (projektový zámer),štúdia uskutočniteľnosti,https://www.mosr.sk/data/files/5029_tudia-uskutocnitelnosti-obstarania-pp-pvo-.pdf,,"1,14 MB",4.016
Obrana,Obstaranie Pásových bojových obrnených vozidiel a Pásových obrnených vozidiel (aktualizácia),analýza,https://www.mfsr.sk/files/archiv/86/MO_Aktualizacia_PBOV_20221212.pdf,12.12.2022,"1,05 MB",4.009
Obrana,Aktualizácia hodnotenia projektu Bojových obrnených vozidiel 8x8,analýza,https://www.mfsr.sk/files/archiv/68/Aktualizacia_BOV8x8_20220824.pdf,5.9.2022,470 kB,4.008
Obrana,Aktualizácia hodnotenia projektu Bojových obrnených vozidiel 8x8,štúdia uskutočniteľnosti,https://www.mosr.sk/data/files/4801_tudia-uskutocnitelnosti-pre-obstaranie-bov-8x8-ver-12.pdf,,"3,46 MB",4.019
Obrana,Obstaranie Pásových bojových obrnených vozidiel a Pásových obrnených vozidiel,analýza,https://www.mfsr.sk/files/archiv/56/Hodnotenie_PBOV_a_POV_20220628.pdf,28.6.2022,758 kB,4.007
Obrana,Obstaranie Pásových bojových obrnených vozidiel a Pásových obrnených vozidiel,štúdia uskutočniteľnosti,https://www.mosr.sk/data/files/4770_tudia-uskutocnitelnosti-pbov-a-pov.pdf,,"2,88 MB",4.020
Obrana,Obstaranie Bojových obrnených vozidiel 8x8 (aktualizácia),analýza,https://www.mfsr.sk/files/archiv/77/Hodnotenie_BOV8x8_20220330.pdf,30.3.2022,888 kB,4.006
Obrana,Obstaranie Bojových obrnených vozidiel 8x8 (aktualizácia),štúdia uskutočniteľnosti,https://www.mosr.sk/data/files/4664_tudia_uskutocnitelnosti_obstarania_bov_8x8.pdf,,"2,4 MB",4.025
Obrana,Obstaranie Bojových obrnených vozidiel 8x8,analýza,https://www.mfsr.sk/files/archiv/2/Hodnotenie_BOV8x8_20210908.pdf,8.9.2021,349 kB,4.004
Obrana,Obstaranie Pásových bojových obrnených vozidiel a Pásových obrnených vozidiel (projektový zámer),analýza,https://www.mfsr.sk/files/archiv/65/Hodnotenie_PBOV_20210908.pdf,8.9.2021,273 kB,4.005
Obrana,Viacúčelové vrtuľníky UH-60M Black Hawk pre plnenia úloh síl špeciálneho určenia,analýza,https://www.mfsr.sk/files/archiv/29/Hodnotenie_Black_Hawk_SOF.pdf,2.6.2021,334  kB,4.003
Obrana,Viacúčelové vrtuľníky UH-60M Black Hawk pre plnenia úloh síl špeciálneho určenia,štúdia uskutočniteľnosti,https://www.mosr.sk/data/files/4378_tudia-uskutocnitelnosti-uh-60m-pre-sso-fondy-usg.pdf,,,4.023
Obrana,"Obmena rádiolokačnej techniky VzS OS SR (stredný, malý a blízky dosah)",analýza,https://www.mfsr.sk/files/archiv/61/Hodnotenie_3DRadary_20210112.pdf,12.1.2021,304  kB,4.002
Obrana,Nákup bojových obrnených vozidiel 8x8 a 4x4,analýza,https://www.mfsr.sk/files/archiv/uhp/3370/76/Hodnotenie_bov-4x4-8x8_uhp.pdf,15.11.2017,438 kB,4.001
Budovy,Optimalizácia priestorového zabezpečenia v rezorte zdravotníctva,hodnotenie,https://www.mfsr.sk/files/archiv/83/Hodnotenie_Najom_MZSR_20250702.pdf,2.7.2025,444 kB,3.033
Budovy,Rekonštrukcia internátu Hviezda (aktualizácia pred podpisom zmluvy),hodnotenie,https://www.mfsr.sk/files/sk/financie/hodnota-za-peniaze/hodnotenia/budovy/hodnotenie_hviezda_aktualizacia_pred_podpisom.pdf,30.5.2025,140 kB,3.032
Budovy,Rekonštrukcia internátu Hviezda (aktualizácia pred podpisom zmluvy),štúdia uskutočniteľnosti,https://www.mosr.sk/data/att/164039.pdf,,132 kB,3.035
Budovy,Reforma súdnej mapy v Bratislave (aktualizácia pred podpisom zmluvy),hodnotenie,https://www.mfsr.sk/files/sk/financie/hodnota-za-peniaze/hodnotenia-investicnych-projektov/budovy/aktualizacia_pred_podpisom_mss_bratislava.pdf,15.10.2024,176 kB,3.031
Budovy,Rekonštrukcia internátu Hviezda,hodnotenie,https://www.mfsr.sk/files/sk/financie/hodnota-za-peniaze/hodnotenia-investicnych-projektov/budovy/hodnotenie_rekonstrukcia_internatu_hviezda.pdf,22.8.2024,461 kB,3.030
Budovy,Rekonštrukcia internátu Hviezda,štúdia uskutočniteľnosti,https://www.mosr.sk/data/files/5500_tus_rekonstrukcia-internatu-hviezda.pdf,,,3.037
Budovy,Reforma súdnej mapy v Bratislave (aktualizácia),hodnotenie,https://www.mfsr.sk/files/sk/financie/hodnota-za-peniaze/hodnotenia-investicnych-projektov/budovy/aktualizacia_mestsky-sud-ba-iii-iv.pdf,26.7.2024,192 kB,3.029
Budovy,Rekonštrukcia kaštieľa v Rusovciach (aktualizácia pred podpisom zmluvy),hodnotenie,https://www.mfsr.sk/files/sk/financie/hodnota-za-peniaze/hodnotenia-investicnych-projektov/budovy/hodnotenie_rusovce_aktualizacia_pred_podpisom.pdf,2.7.2024,173 kB,3.028
Budovy,Koncepcia rozvoja Fakultnej nemocnice s poliklinikou F. D. Roosevelta Banská Bystrica (aktualizácia),hodnotenie,https://www.mfsr.sk/files/sk/financie/hodnota-za-peniaze/hodnotenia-investicnych-projektov/budovy/aktualizacia_fnsp-bb.pdf,27.6.2024,183 kB,3.027
Budovy,Výstavba novej univerzitnej nemocnice v Martine (aktualizácia pred podpisom zmluvy),analýza,https://www.mfsr.sk/files/archiv/45/Aktualizacia3_nUNM_20240605.pdf,5.6.2024,170 kB,3.026
Budovy,Výstavba novej univerzitnej nemocnice v Martine (aktualizácia pred podpisom zmluvy),štúdia uskutočniteľnosti,https://www.unm.sk/storage/app/uploads/public/665/d6b/988/665d6b9889bf2401837114.pdf,,,3.034
Budovy,"Prenájom priestorov pre Ministerstvo školstva, výskumu, vývoja a mládeže SR",analýza,https://www.mfsr.sk/files/sk/financie/hodnota-za-peniaze/hodnotenia-investicnych-projektov/budovy/hodnotenie_prenajom-priestorov-msvvam.pdf,13.3.2024,321 kB,3.025
Budovy,Rekonštrukcia Nemocnice Poprad (aktualizácia pred podpisom zmluvy),analýza,https://www.mfsr.sk/files/sk/financie/hodnota-za-peniaze/hodnotenia-investicnych-projektov/budovy/nemocnica_poprad_hodnotenie-uhp_aktualizacia-pred-podpisom.pdf,7.2.2024,158 kB,3.024
Budovy,FN Žilina – Výstavba nového pavilónu urgentnej medicíny,analýza,https://www.mfsr.sk/files/archiv/80/Hodnotenie_FN-Zilina.pdf,3.11.2023,,3.023
Budovy,Koncepcia rozvoja Fakultnej nemocnice s poliklinikou F. D. Roosevelta Banská Bystrica (aktualizácia),analýza,https://www.mfsr.sk/files/archiv/86/Aktualizacia_FNsP-BB_20230914.pdf,14.9.2023,213 kB,3.022
Budovy,Výstavba novej univerzitnej nemocnice v Martine (aktualizácia č.2),analýza,https://www.mfsr.sk/files/archiv/9/Aktualizacia2_nUNM_UHP_hodnotenie.pdf,28.8.2023,428 kB,3.021
Budovy,Budova Najvyššieho súdu SR,analýza,https://www.mfsr.sk/files/archiv/78/Hodnotenie_UHP_NS-SR.pdf,17.8.2023,695 kB,3.020
Budovy,Budova Najvyššieho súdu SR,štúdia uskutočniteľnosti,https://www.nsud.sk/data/att/ade/700713.0f4fc9.pdf,,,3.036
Budovy,Východoslovenský onkologický ústav,analýza,https://www.mfsr.sk/files/archiv/43/VOU_20230719.pdf,19.7.2023,200 kB,3.019
Budovy,Obnova areálu Rastislavova UNLP,analýza,https://www.mfsr.sk/files/sk/financie/hodnota-za-peniaze/hodnotenie-investicnych-projektov/unlp_rastislavova_hodnotenie_uhp.pdf,29.6.2023,163 kB,3.018
Budovy,Rekonštrukcia Nemocnice Poprad (aktualizácia),analýza,https://www.mfsr.sk/files/archiv/65/Aktualizacia_Nemocnica-Poprad.pdf,28.4.2023,202 kB,3.017
Budovy,Koncepcia rozvoja Univerzitnej nemocnice L. Pasteura Košice,analýza,https://www.mfsr.sk/files/archiv/51/UNLP-KE-hodnotenie_20230419_f.pdf,19.4.2023,274 kB,3.016
Budovy,Rekonštrukcia Nemocnice Poprad,analýza,https://www.mfsr.sk/files/archiv/34/Nemocnica-Poprad_hodnotenie.pdf,6.4.2023,184 kB,3.015
Budovy,Obnova a rozvoj Kúpeľov Sliač,analýza,https://www.mfsr.sk/files/archiv/55/Hodnotenie_Kupele_Sliac_UHP.pdf,16.3.2023,399 kB,3.014
Budovy,Obnova a rozvoj Kúpeľov Sliač,štúdia uskutočniteľnosti,https://www.kupelesliac.sk/wp-content/uploads/2023/02/CBA_Kupele-Sliac.pdf,,,3.040
Budovy,Smart Green Hospital Prešov,analýza,https://www.mfsr.sk/files/archiv/37/FN-Presov-20230220_hodnotenie.pdf,3.3.2023,259 kB,3.013
Budovy,Národný ústav detských chorôb - koncepcia rozvoja na najbližších 15 rokov,analýza,https://www.mfsr.sk/files/archiv/78/Hodnotenie_NUDCH_20230203.pdf,3.2.2023,294 kB,3.012
Budovy,Reforma súdnej mapy v Bratislave,analýza,https://www.mfsr.sk/files/archiv/95/Hodnotenie_Reforma_sudnej_mapy_BA20230118PDF.pdf,18.1.2023,451 kB,3.011
Budovy,Rozvoj fakultnej nemocnice Trnava,analýza,https://www.mfsr.sk/files/archiv/92/Hodnotenie_Fakultna-nemocnica-TT_16122022.pdf,16.12.2022,314 kB,3.010
Budovy,Výstavba novej univerzitnej nemocnice v Martine (aktualizácia),analýza,https://www.mfsr.sk/files/archiv/41/Aktualizacia_nUNM_20221209.pdf,9.12.2022,225 kB,3.009
Budovy,Výstavba novej univerzitnej nemocnice v Martine (aktualizácia),štúdia uskutočniteľnosti,https://www.unm.sk/sites/default/files/unm-sv-martin/formular_na_aktualizaciu_studie_uskutocnitelnosti_unsvm.pdf,,,3.039
Budovy,Komplexná rekonštrukcia historickej budovy Slovenského národného divadla,analýza,https://www.mfsr.sk/files/archiv/91/Hodnotenie_SND_FINAL.pdf,7.11.2022,544 kB,3.008
Budovy,Komplexná rekonštrukcia historickej budovy Slovenského národného divadla,štúdia uskutočniteľnosti,https://snd.sk/sites/default/files/HB/studia_uskutocnitelnosti_komplexnej_rekonstrukcie_hb_snd.pdf,,,3.038
Budovy,Rozvoj Fakultnej nemocnice s poliklinikou F.D. Roosevelta Banská Bystrica,analýza,https://www.mfsr.sk/files/archiv/28/UHP_FNsPBB-hodnotenie_20221005.pdf,7.10.2022,449 kB,3.007
Budovy,"Zjednotenie priestorov Ministerstva investícií, regionálneho rozvoja a informatizácie Slovenskej republiky",analýza,https://www.mfsr.sk/files/archiv/44/Hodnotenie-MIRRI_210908_clean.pdf,9.8.2022,236 kB,3.006
Budovy,Administratívna budova Úradu vlády Slovenskej republiky „Čajka“,analýza,https://www.mfsr.sk/files/archiv/66/Hodnotenie_Cajka20220728_PDF.pdf,28.7.2022,653 kB,3.005
Budovy,Výstavba novej univerzitnej nemocnice v Martine,analýza,https://www.mfsr.sk/files/archiv/62/Hodnotenie_UNM_20220225.pdf,25.2.2022,378 kB,3.004
Budovy,"Rekonštrukcia a dobudovanie fakúlt STU a UK - Advancing University Capacity and Competence in Research, Development and Innovation (ACCORD)",analýza,https://www.mfsr.sk/files/archiv/9/ACCORD_hodnotenie_190910.pdf,10.9.2019,376 kB,3.003
Budovy,Rekonštrukcia Fakultnej nemocnice s poliklinikou v Banskej Bystrici,analýza,https://www.mfsr.sk/files/archiv/13/stanovisko_fnsbb_20190128_publish.pdf,28.1.2019,264 kB,3.002
Budovy,Nová univerzitná nemocnica v Bratislave,analýza,https://www.mfsr.sk/files/archiv/uhp/3370/76/stanovisko_UNB_170403_2.pdf,03.04.2017,668 kB,3.001
Doprava,Zvýšenie priepustnosti trate Bratislava – Dunajská Streda – Komárno (doplnenie),hodnotenie,https://www.mfsr.sk/files/sk/financie/hodnota-za-peniaze/hodnotenia/doprava/hodnotenie_bratislava_dunajska-streda_komarno.pdf,2.9.2025,581 kB,1.100
Doprava,Modernizácia ležadlových vozňov pre nočnú dopravu,hodnotenie,https://www.mfsr.sk/files/sk/financie/hodnota-za-peniaze/hodnotenia/doprava/hodnotenie-zssk-lezadlove-vozne_20250828.pdf,28.8.2025,356 kB,1.099
Doprava,Nákup elektrických jednotiek pre linku Bratislava - Žilina (aktualizácia),hodnotenie,https://www.mfsr.sk/files/sk/financie/hodnota-za-peniaze/hodnotenia/doprava/aktualizacia-hodnotenia-zssk-4-ej-560_20250605.pdf,5.6.2025,163 kB,1.098
Doprava,"D1 Beharovce – Branisko, 2. profil",hodnotenie,https://www.mfsr.sk/files/sk/financie/hodnota-za-peniaze/hodnotenia/doprava/hodnotenie_d1_beharovce-branisko.pdf,14.5.2025,512 kB,1.097
Doprava,Obstaranie batériových elektrických jednotiek pre regionálnu dopravu,hodnotenie,https://www.mfsr.sk/files/sk/financie/hodnota-za-peniaze/hodnotenia-investicnych-projektov/doprava/hodnotenie_hybridne-vozidla.pdf,13.3.2025,636 kB,1.096
Doprava,Obstaranie batériových elektrických jednotiek pre regionálnu dopravu,štúdia uskutočniteľnosti,https://www.zssk.sk/wp-content/uploads/2025/02/SU-Obstaranie-hybridnych-EJ-pre-regionalnu-dopravu_FINAL.pdf,,"1,6 MB",1.109
Doprava,Nákup elektrických jednotiek do diaľkovej dopravy (aktualizácia),hodnotenie,https://www.mfsr.sk/files/sk/financie/hodnota-za-peniaze/hodnotenia-investicnych-projektov/doprava/aktualizacia_hodnotenia_zssk_dialkove_supravy.pdf,13.3.2025,135 kB,1.095
Doprava,Nákup lôžkových vozňov (aktualizácia),hodnotenie,https://www.mfsr.sk/files/sk/financie/hodnota-za-peniaze/hodnotenia-investicnych-projektov/doprava/aktualizacia-hodnotenia-zssk-lozkove-vozne_20250303.pdf,3.3.2025,170 kB,1.094
Doprava,Nákup lôžkových vozňov (aktualizácia),štúdia uskutočniteľnosti,https://www.zssk.sk/wp-content/uploads/2025/02/Priloha-6-Formular-na-aktualizaciu-studie-uskutocnitelnosti-pred-vyhlasenim-verejneho-obstaravania-1.pdf,,116 kB,1.108
Doprava,Nákup 4 elektrických jednotiek pre linku Bratislava – Žilina,hodnotenie,https://www.mfsr.sk/files/sk/financie/hodnota-za-peniaze/hodnotenia-investicnych-projektov/doprava/hodnotenie-zssk-4-ej-560.pdf,14.1.2025,432 kB,1.093
Doprava,Nákup 4 elektrických jednotiek pre linku Bratislava – Žilina,štúdia uskutočniteľnosti,https://www.zssk.sk/wp-content/uploads/2024/12/SU-Obstaranie-4-ks-EJ.pdf,,,1.110
Doprava,"I/15 Stropkov, preložka cesty (aktualizácia)",hodnotenie,https://www.mfsr.sk/files/sk/financie/hodnota-za-peniaze/hodnotenia-investicnych-projektov/doprava/aktualizacia-hodnotenia_i15-stropkov-prelozka.pdf,13.11.2024,120 kB,1.092
Doprava,R4 štátna hranica PL/SK – Kapušany,hodnotenie,https://www.mfsr.sk/files/sk/financie/hodnota-za-peniaze/hodnotenia-investicnych-projektov/doprava/hodnotenie-r4_uhp.pdf,11.11.2024,396 kB,1.091
Doprava,Koridor D1 Bidovce – štátna hranica SK/UA,hodnotenie,https://www.mfsr.sk/files/sk/financie/hodnota-za-peniaze/hodnotenia-investicnych-projektov/doprava/hodnotenie_d1-bidovce-statna-hranica-sk_ua.pdf,11.11.2024,"1,13 MB",1.090
Doprava,Prenájom elektrických rušňov do diaľkovej dopravy (aktualizácia),hodnotenie,https://www.mfsr.sk/files/sk/financie/hodnota-za-peniaze/hodnotenia-investicnych-projektov/doprava/hodnotenie-zssk-prenajom-rusnov_aktualizacia.pdf,9.9.2024,188 kB,1.089
Doprava,ZSSK - Vybudovanie strediska technicko-hygienickej údržby v Žiline,hodnotenie,https://www.mfsr.sk/files/sk/financie/hodnota-za-peniaze/hodnotenia-investicnych-projektov/doprava/hodnotenie_thu_zilina.pdf,13.8.2024,269 kB,1.088
Doprava,ZSSK - Vybudovanie strediska technicko-hygienickej údržby v Žiline,štúdia uskutočniteľnosti,https://www.zssk.sk/wp-content/uploads/2024/07/FS-THU-ZILINA_10_07_2024.pdf,,"3,4 MB",1.104
Doprava,ZSSK - Vybudovanie strediska technicko-hygienickej údržby v Košiciach,hodnotenie,https://www.mfsr.sk/files/sk/financie/hodnota-za-peniaze/hodnotenia-investicnych-projektov/doprava/hodnotenie_thu_kosice.pdf,25.7.2024,269 kB,1.087
Doprava,ZSSK - Vybudovanie strediska technicko-hygienickej údržby v Košiciach,štúdia uskutočniteľnosti,https://www.zssk.sk/wp-content/uploads/2024/05/Studia-uskutocnitelnosti-THU-Kosice.pdf,,718 kB,1.102
Doprava,Cesta I/75 Šaľa – obchvat (aktualizácia pred podpisom zmluvy),hodnotenie,https://www.mfsr.sk/files/sk/financie/hodnota-za-peniaze/hodnotenia-investicnych-projektov/doprava/i75-sala_aktualizacia-hodnotenia-pred-podpisom-zmluvy.pdf,12.7.2024,155 kB,1.086
Doprava,Nákup 25 rušňov a 10 ucelených súprav do diaľkovej dopravy,hodnotenie,https://www.mfsr.sk/files/sk/financie/hodnota-za-peniaze/hodnotenia-investicnych-projektov/doprava/hodnotenie-zssk-vozidla-dialkovu-dopravu.pdf,6.6.2024,280 kB,1.085
Doprava,Nákup 25 rušňov a 10 ucelených súprav do diaľkovej dopravy,štúdia uskutočniteľnosti,https://www.zssk.sk/wp-content/uploads/2024/05/SU-dialkova-doprava_final.pdf,,"1,03 MB",1.105
Doprava,"D3 Oščadnica – Čadca, Bukov (aktualizácia)",analýza,https://www.mfsr.sk/files/sk/financie/hodnota-za-peniaze/hodnotenia-investicnych-projektov/doprava/aktualizacia-hodnotenia_d3_oscadnica_cadca-bukov.pdf,30.5.2024,192 kB,1.084
Doprava,D1 Turany - Hubová,analýza,https://www.mfsr.sk/files/sk/financie/hodnota-za-peniaze/hodnotenia-investicnych-projektov/doprava/hodnotenie_d1_turany_hubova.pdf,24.5.2024,462 kB,1.083
Doprava,TTR – redizajn procesu tvorby cestovného poriadku pre lepšie využívanie železničnej infraštruktúry (aktualizácia),analýza,https://www.mfsr.sk/files/sk/financie/hodnota-za-peniaze/hodnotenia-investicnych-projektov/doprava/hodnotenie-ttr-aktualizacia.pdf,21.5.2024,217 kB,1.082
Doprava,Rekonštrukcia železničnej trate Veľký Horeš – Streda nad Bodrogom (aktualizácia),analýza,https://www.mfsr.sk/files/sk/financie/hodnota-za-peniaze/hodnotenia-investicnych-projektov/doprava/hodnotenie_velky-hores-streda-nad-bodrogom.pdf,13.3.2024,229 kB,1.081
Doprava,Nákup 6 ks ekologických koľajových vozidiel pre osobnú dopravu,analýza,https://www.mfsr.sk/files/sk/financie/hodnota-za-peniaze/hodnotenia-investicnych-projektov/doprava/hodnotenie-zssk-6-ej_20240229.pdf,29.2.2024,410 kB,1.080
Doprava,Koncepčná štúdia severojužného cestného prepojenia v oblasti stredného Slovenska,analýza,https://www.mfsr.sk/files/archiv/52/Hodnotenie_severojuzne_R1R3.pdf,10.11.2023,389 kB,1.079
Doprava,"D3 Žilina, Brodno – Čadca, Bukov (IV. etapa)",analýza,https://www.mfsr.sk/files/archiv/71/Hodnotenie-D3_4-etapa.pdf,27.10.2023,383 kB,1.078
Doprava,I/68 Sabinov preložka cesty (aktualizácia),analýza,https://www.mfsr.sk/files/archiv/39/Hodnotenie-pred-podpisom-I68-Sabinov-prelozka-cesty.pdf,27.10.2023,399 kB,1.077
Doprava,TTR – redizajn procesu tvorby cestovného poriadku pre lepšie využívanie železničnej infraštruktúry,analýza,https://www.mfsr.sk/files/archiv/78/UHP_Hodnotenie-TTR_20230907.pdf,7.9.2023,487 kB,1.076
Doprava,"D1 Lietavská Lúčka – Dubná Skala, technológia tunela Višňové (aktualizácia pred podpisom zmluvy)",analýza,https://www.mfsr.sk/files/archiv/23/Hodnotenie-pred-podpisom-NDS-D1-Technologia-tunela-Visnove.pdf,4.9.2023,399 kB,1.075
Doprava,R1 Banská Bystrica – Slovenská Ľupča (aktualizácia pred podpisom zmluvy),analýza,https://www.mfsr.sk/files/archiv/61/Hodnotenie_BB_SL_R1_akt_pred-podpisom.pdf,25.8.2023,414 kB,1.074
Doprava,"I/61 Trenčín, preložka (aktualizácia)",analýza,https://www.mfsr.sk/files/archiv/78/Hodnotenie_UHP_Trencin_prelozka.pdf,17.8.2023,423 kB,1.073
Doprava,D3 Kysucké Nové Mesto - Oščadnica (III. etapa),analýza,https://www.mfsr.sk/files/archiv/30/Hodnotenie_D3_III-etapa_KNM_Oscadnica.pdf,27.7.2023,543 kB,1.072
Doprava,Modernizácia železničnej trate Poprad – Vydrník (aktualizácia),analýza,https://www.mfsr.sk/files/archiv/40/Hodnotenie_UHP_Poprad-Tatry-Vydrnik.pdf,30.6.2023,433 kB,1.071
Doprava,Nákup 18 ks lôžkových vozňov,analýza,https://www.mfsr.sk/files/archiv/44/Hodnotenie-ZSSK-lozkove-vozne_UHP.pdf,24.6.2023,728 kB,1.070
Doprava,Nákup 18 ks lôžkových vozňov,štúdia uskutočniteľnosti,https://www.zssk.sk/wp-content/uploads/2023/05/Studia-uskutocnitelnosti-obnovy-vozidloveho-parku.pdf,,,1.106
Doprava,"Rýchlostná cesta R4 Prešov – severný obchvat, II. etapa (aktualizácia)",analýza,https://www.mfsr.sk/files/archiv/46/Hodnotenie_Aktualizacia_Presov_obchvat_sever_etapa_II_R4.pdf,22.6.2023,410 kB,1.069
Doprava,"D3 Oščadnica – Čadca, Bukov (II. etapa)",analýza,https://www.mfsr.sk/files/archiv/4/UHP_hodnotenie_D3-Oscadnica-Cadca-Bukov-II.pdf,16.6.2023,446 kB,1.068
Doprava,Modernizácia železničnej trate Hronský Beňadik – Nová Baňa (aktualizácia),analýza,https://www.mfsr.sk/files/archiv/18/Rekonstrukcia-Hronsky-Benadik-Nova-Bana_aktualizacia-pred-VO.pdf,9.6.2023,398 kB,1.067
Doprava,Modernizácia železničnej trate Hronský Beňadik – Nová Baňa (aktualizácia),štúdia uskutočniteľnosti,https://www.zsr.sk/files/modernizacia-trati/studie-realizovatelnosti/sr-kr-hronsky-benadik-nova-bana/priloha-6-komplexna-rekonstrukcia-hronsky-benadik-nova-bana.pdf,,,1.101
Doprava,"D4 Bratislava, Rača – Záhorská Bystrica (tunel Karpaty)",analýza,https://www.mfsr.sk/files/archiv/17/Hodnotenie_D4_tunel-Karpaty_20230420.pdf,2.5.2023,308 kB,1.066
Doprava,Elektrifikácia trate Bánovce nad Ondavou – Humenné (aktualizácia),analýza,https://www.mfsr.sk/files/archiv/29/Hodnotenie_ELBAHU_20230419.pdf,21.4.2023,423 kB,1.065
Doprava,Vybudovanie diaľkovo ovládaného zabezpečovacieho zariadenia na trati Prešov – Strážske,analýza,https://www.mfsr.sk/files/archiv/92/Hodnotenie_DOZZ_Presov_Strazske.pdf,19.4.2023,613 kB,1.064
Doprava,"D3 Žilina, Brodno – Kysucké Nové Mesto (I. etapa)",analýza,https://www.mfsr.sk/files/archiv/63/Hodnotenie_D3_etapa1.pdf,24.3.2023,474 kB,1.063
Doprava,R1 Banská Bystrica – Slovenská Ľupča (aktualizácia),analýza,https://www.mfsr.sk/files/archiv/52/R1-BB-Slovenska-Lupca_Aktualizacia_20230302.pdf,2.3.2023,399 kB,1.062
Doprava,Implementácia GSM-R na trati Varín – Košice – Čierna nad Tisou (aktualizácia),analýza,https://www.mfsr.sk/files/archiv/19/Hodnotenie_GSM-R_Varin-KE-CnT_20230301.pdf,1.3.2023,404 kB,1.061
Doprava,Implementácia GSM-R na trati Varín – Košice – Čierna nad Tisou (aktualizácia),štúdia uskutočniteľnosti,http://www.zsr.sk/files/modernizacia-trati/za-ke-cnt/gsm-r/gsm-r-informacia.pdf,,671 kB,1.103
Doprava,Nákup 26 ks dieselových motorových jednotiek pre osobnú dopravu,analýza,https://www.mfsr.sk/files/archiv/16/Hodnotenie-ZSSK-26-DMJ_20230224.pdf,24.2.2023,654 kB,1.060
Doprava,Preložka cesty I/61 v Trenčíne,analýza,https://www.mfsr.sk/files/archiv/40/SSC_prelozka_I61_Trencin_20230210.pdf,10.2.2023,655 kB,1.059
Doprava,Nákup 5 ks ekologických koľajových vozidiel pre osobnú dopravu,analýza,https://www.mfsr.sk/files/archiv/75/Hodnotenie-ZSSK-5-EJ_20221207.pdf,7.12.2022,451 kB,1.058
Doprava,"Diaľnica D1 Bratislava - Senec, 1. úsek Bratislava – Triblavina, I. a II. etapa (aktualizácia)",analýza,https://www.mfsr.sk/files/archiv/4/hodnotenie_vfm_D1_Triblavina_20221121.pdf,24.11.2022,114 kB,1.057
Doprava,ŽSR - Zriadenie a prevádzkovanie kontrolných bodov,analýza,https://www.mfsr.sk/files/archiv/43/Hodnotenie_ChPs_20221123.pdf,23.11.2022,678 kB,1.056
Doprava,Dopravný uzol Bratislava,analýza,https://www.mfsr.sk/files/archiv/63/Hodnotenie_uzol-BA_20221103.pdf,3.11.2022,"1,52 MB",1.055
Doprava,Modernizácia železničnej trate Hronský Beňadik – Nová Baňa,analýza,https://www.mfsr.sk/files/archiv/35/Hodnotenie_Hronsky-Benadik_Nova-Bana-20220922.pdf,23.9.2022,542 kB,1.054
Doprava,Modernizácia železničnej trate Hronský Beňadik – Nová Baňa,štúdia uskutočniteľnosti,https://www.mfsr.sk/files/archiv/29/SR-KR-Hronsky-Benadik-Nova-Bana.pdf,,"1,93 MB",1.107
Doprava,Modernizácia železničnej trate Devínska Nová Ves - štátna hranica,analýza,https://www.mfsr.sk/files/archiv/82/Hodnotenie-UHP_DNV_Marchegg_20220916.pdf,16.9.2022,431 kB,1.053
Doprava,Rýchlostná cesta R2 Kriváň – Tornaľa,analýza,https://www.mfsr.sk/files/archiv/18/Hodnotenie_NDS_R2-Krivan-Tornala_20220727.pdf,27.7.2022,311 kB,1.052
Doprava,Modernizácia železničnej trate Poprad – Markušovce,analýza,https://www.mfsr.sk/files/archiv/88/Hodnotenie_Poprad_Markusovce_20220719.pdf,21.7.2022,404 kB,1.051
Doprava,Elektrifikácia trate Bánovce nad Ondavou – Humenné (aktualizácia),analýza,https://www.mfsr.sk/files/archiv/12/Hodnotenie_Elektrifikacia-BAHU_20220713.pdf,13.7.2022,583 kB,1.050
Doprava,Poskytovanie mýtnych služieb – opakovanie verejného obstarávania,analýza,https://www.mfsr.sk/files/archiv/84/hodnotenie_mytnesluzby_07072022.pdf,7.7.2022,442 kB,1.049
Doprava,Modernizácia železničného koridoru Žilina – Košice – Čierna nad Tisou,analýza,https://www.mfsr.sk/files/archiv/33/ZilinaKosiceCnT_20220706.pdf,6.7.2022,689 kB,1.048
Doprava,"Diaľnica D3, Žilina, Strážov – štátna hranica SR/PR",analýza,https://www.mfsr.sk/files/archiv/69/Hodnotenie_vfm_NDS_D3_20220622.pdf,22.6.2022,591 kB,1.047
Doprava,R2 Zvolen západ – Zvolen východ,analýza,https://www.mfsr.sk/files/archiv/47/Hodnotenie_NDS_R2_Zvolen_20220622.pdf,22.6.2022,778 kB,1.046
Doprava,"Modernizácia cesty I/75 Galanta – Nové Zámky, úsek Šaľa – obchvat (aktualizácia č. 2)",analýza,https://www.mfsr.sk/files/archiv/24/Hodnotenie_vfm_SSC_I75_Sala_20220622.pdf,22.6.2022,359 kB,1.045
Doprava,Modernizácia železničnej trate Krásno nad Kysucou – štátna hranica SR/ČR (aktualizácia),analýza,https://www.mfsr.sk/files/archiv/95/Hodnotenie-ZSR_KnK_Cadca_20220518.pdf,18.5.2022,512 kB,1.044
Doprava,Modernizácia železničnej trate Krásno nad Kysucou – štátna hranica SR/ČR (aktualizácia),štúdia uskutočniteľnosti,http://www.zsr.sk/files/modernizacia-trati/studie-realizovatelnosti/studia-realizovatelnosti-zsr-modernizacia-koridoru-statna-hranica-sr-cadca-krasno-nad-kysucou-mimo-update/modernizacia-zeleznicnej-trate-krasno-nad-kysucou-statna-hranica-sr_cr_aktualizacia-variant-c.pdf,,"2,08 MB",1.111
Doprava,"Implementácia GSM-R do siete ŽSR, úsek Varín – Košice – Čierna nad Tisou",analýza,https://www.mfsr.sk/files/archiv/20/Hodnotenie-ZSR-GSM-R-Varin-KE-CnT_20220518.pdf,18.5.2022,255 kB,1.043
Doprava,"Štúdia uskutočniteľnosti I/64 Topoľčany – Žilina, úsek Porúbka - Lietavská Lúčka, obchvat",analýza,https://www.mfsr.sk/files/archiv/84/hodnotenie_vfm_I64_Lietavska-Lucka_20220518.pdf,18.5.2022,503 kB,1.042
Doprava,ŽSR Zvýšenie priepustnosti trate Bratislava - Dunajská Streda - Komárno,analýza,https://www.mfsr.sk/files/archiv/78/Hodnotenie-ZSR-Zvysenie-priepustnosti-BA-DS-KN_20220429.pdf,30.04.2022,718 kB,1.041
Doprava,Výstavba novej železničnej trate v úseku Nitra – Trnovec nad Váhom,analýza,https://www.mfsr.sk/files/archiv/20/UHP-hodnotenie-Nitra-Trnovec_20220421.pdf,21.04.2022,844 kB,1.040
Doprava,"Modernizácia cesty I/75 Galanta – Nové Zámky, úsek Šaľa - obchvat",analýza,https://www.mfsr.sk/files/archiv/28/hodnotenie_vfm_I75_Sala_20220412.pdf,12.04.2022,547 kB,1.039
Doprava,I/15 Vranov nad Topľou - Stročín,analýza,https://www.mfsr.sk/files/archiv/48/hodnotenie_vfm_I15_Strocin_Vranov_20220218.pdf,18.2.2022,617 kB,1.038
Doprava,"I/51, I/61 Hranica SR/ČR – Holíč – Senica – Trnava – Hrnčiarovce nad Parnou",analýza,https://www.mfsr.sk/files/archiv/10/hodnotenie_SSC_I51_CZ_TT_20220217.pdf,18.2.2022,413 kB,1.037
Doprava,"ŽSR, Modernizácia koridoru, štátna hranica ČR/SR – Čadca – Krásno nad Kysucou - aktualizácia hodnotenia",analýza,https://www.mfsr.sk/files/archiv/25/KnK_Cadca_hranicaSR_akt_20220111_st.pdf,12.1.2022,193 kB,1.036
Doprava,"Modernizácia cesty I/68 Mníšek nad Popradom – Prešov, úsek Sabinov – obchvat",analýza,https://www.mfsr.sk/files/archiv/95/doprava_vfm_hodnotenie_20220110.pdf,12.1.2022,333 kB,1.035
Doprava,Modernizácia vozového parku ZSSK - časť 6 - aktualizácia hodnotenia,analýza,https://www.mfsr.sk/files/archiv/22/Hodnotenie_ZSSK_9-DMJ-aktualizacia_20211130.pdf,30.11.2021,625 kB,1.034
Doprava,"I/51, I/76 Nitra – Kalná nad Hronom – Levice (Šarovce)",analýza,https://www.mfsr.sk/files/archiv/54/hodnotenie_vfm_I51_I76_20211118_clean.pdf,18.11.2021,447 kB,1.033
Doprava,Rýchlostná cesta R1 - Banská Bystrica – Slovenská Ľupča,analýza,https://www.mfsr.sk/files/archiv/56/doprava_vfm_hodnotenie_20211117.pdf,17.11.2021,464 kB,1.032
Doprava,"D1 Lietavská Lúčka – Dubná Skala, technológia tunela",analýza,https://www.mfsr.sk/files/archiv/36/hodnotenie_vfm_D1_aktualizacia_visnove_20211129.pdf,30.10.2021,338 kB,1.031
Doprava,R2 Šaca – Košické Oľšany - II. etapa (Košice-Juh – Košické Oľšany),analýza,https://www.mfsr.sk/files/archiv/85/kosice_obchvat_vfm_20210914_final.pdf,15.9.2021,526 kB,1.030
Doprava,"Rýchlostná cesta R4 Prešov – severný obchvat, II. etapa",analýza,https://www.mfsr.sk/files/archiv/61/stanovisko_vfm_R4_PO_II_20210827.pdf,27.8.2021,532 kB,1.029
Doprava,"ŽSR, Modernizácia koridoru, štátna hranica ČR/SR – Čadca – Krásno nad Kysucou časť: Krásno nad Kysucou - Čadca (vrátane)",analýza,https://www.mfsr.sk/files/archiv/78/KnK_Cadca_hranicaSR_uhp_20210707.pdf,7.7.2021,476 kB,1.028
Doprava,Rýchlostná cesta R8 Nitra – križovatka R2,analýza,https://www.mfsr.sk/files/archiv/44/stanovisko_vfm_R8_20210513.pdf,15.5.2021,506  kB,1.027
Doprava,"Diaľnica D1 Bratislava – Senec, 1. úsek Bratislava – Triblavina, I. a II. etapa (Výstavba križovatky D1 a D4, rozšírenie a rekonštrukcia D1)",analýza,https://www.mfsr.sk/files/archiv/38/stanovisko_vfm_rozsirenie_D1_kriz_D4_20210507.pdf,7.5.2021,711 kB,1.026
Doprava,R3 Tvrdošín – Nižná nad Oravou - dodatok k hodnoteniu z júna 2017),analýza,https://www.mfsr.sk/files/archiv/29/r3_tvrdosin_nizna_vfm_poVO_20210324.pdf,31.3.2021,115  kB,1.025
Doprava,ŽSR: Elektrifikácia trate Bánovce nad Ondavou - Humenné,analýza,https://www.mfsr.sk/files/archiv/68/Hodnotenie_ZSR_ELBAHU_20210311.pdf,11.3.2021,416  kB,1.024
Doprava,Modernizácia vozového parku ZSSK časti 6 a 7,analýza,https://www.mfsr.sk/files/archiv/90/Hodnotenie_modernizaciavoz.parkuZSSKc.6a7_20201223.pdf,23.12.2020,394  kB,1.023
Doprava,"ŽSR, Elektrifikácia a optimalizácia trate Zvolen - Fiľakovo",analýza,https://www.mfsr.sk/files/archiv/27/stanovisko_ELZVFIL_20201127.pdf,27.11.2020,554  kB,1.022
Doprava,I/64 Žilina – Topoľčany,analýza,https://www.mfsr.sk/files/archiv/34/stanovisko_vfm_I64_20201118.pdf,21.11.2020,852  kB,1.021
Doprava,"ŽSR, Optimalizácia trate Prievidza – Jelšovce",analýza,https://www.mfsr.sk/files/archiv/68/Hodnotenie_PD_JE_201111.pdf,13.11.2020,160  kB,1.020
Doprava,Sanácia mimoriadnej situácie na ceste II/531 Muráň – Muránska Huta,analýza,https://www.mfsr.sk/files/sk/financie/hodnota-za-peniaze/hodnotenie-investicnych-projektov/stanovisko_k_projektu_muran_zosuv_2020102.pdf,02.10.2020,160  kB,1.019
Doprava,Elektronický výber mýta,analýza,https://www.mfsr.sk/files/archiv/43/Myto_UHP_hodnotenie_200909_web.pdf,09.09.2020,470  kB,1.018
Doprava,Modernizácia vozového parku ŽKV v rámci OPII - 3. časť,analýza,https://www.mfsr.sk/files/archiv/80/Stanovisko_modernizacia_voz_parku_ZSSK_200902.pdf,04.09.2020,257  kB,1.016
Doprava,Modernizácia vozového parku ŽKV v rámci OPII - 3. časť,štúdia uskutočniteľnosti,https://www.zssk.sk/wp-content/uploads/2020/07/%C5%A0U_projekt-Moderniz%C3%A1cia-vozov%C3%A9ho-parku-%C5%BDKV-v-r%C3%A1mci-OPII-3.-%C4%8Das%C5%A5.pdf,07.09.2020,210  kB,1.017
Doprava,"Modernizácia ciest I/66, I/67 a I/77 Rožňava - Bardejovské kúpele",analýza,https://www.mfsr.sk/files/archiv/76/stanovisko_vfm_I66-67-77_mfsr_web.pdf,03.07.2020,839  kB,1.015
Doprava,Komplexná služba spoplatnenia cestnej infraštruktúry,analýza,https://www.mfsr.sk/files/archiv/7/Myto_UHP_hodnotenie_20200419_web.pdf,19.04.2020,554  kB,1.014
Doprava,"ŽSR, Modernizácia koridoru, štátna hranica ČR/SR – Čadca – Krásno nad Kysucou časť: Hranica SR/ČR – Čadca (mimo)",analýza,https://www.mfsr.sk/files/archiv/44/Cadca_hranicaSR_CEF_uhp_20200407_web.pdf,08.04.2020,493  kB,1.013
Doprava,Dostavba úseku D1 Lietavská Lúčka – Dubná Skala (tunel Višňové),analýza,https://www.mfsr.sk/files/archiv/65/stanovisko_visnove_mfsr_web.pdf,14.01.2020,257 kB,1.012
Doprava,Stavba úseku R2 Rožňava – Jablonov nad Turňou (tunel Soroška),analýza,https://www.mfsr.sk/files/archiv/42/r2_soroska_hodnotenieMFSR.pdf,29.12.2019,503 kB,1.011
Doprava,"ŽSR, Elektrifikácia trate Haniska – Veľká Ida – Moldava nad Bodvou mesto",analýza,https://www.mfsr.sk/files/archiv/28/stanovisko_Haniska_UHP.pdf,23.8.2019,552 kB,1.010
Doprava,"Modernizácia cesty I/68, Mníšek nad Popradom – Prešov",analýza,https://www.mfsr.sk/files/archiv/52/stanovisko_I68_vfm_20190606.pdf,12.6.2019,197 kB,1.009
Doprava,Modernizácia elektronickej komunikačnej siete ŽSR,analýza,https://www.mfsr.sk/files/archiv/67/Telematika_UHP_hodnotenie_20190514_stretnutie.pdf,15.5.2019,276 kB,1.008
Doprava,"ŽSR, dostavba zriaďovacej stanice Žilina-Teplička a nadväzujúcej železničnej infraštruktúry v uzle Žilina",analýza,https://www.mfsr.sk/files/archiv/43/Hodnotenie_UzolZA_20190305.pdf,7.3.2019,296 kB,1.007
Doprava,Modernizácia cesty I/75 Galanta – Nové Zámky,analýza,https://www.mfsr.sk/files/archiv/82/I-75Galanta-NoveZamky.pdf,29.1.2019,861 kB,1.006
Doprava,Vybudovanie infraštruktúry na kontrolu a prípravu vozového parku železničnej osobnej dopravy - Nové Zámky,analýza,https://www.mfsr.sk/files/archiv/92/THU-NZ-ZSSK_hodnotenie_20190128.pdf,28.1.2019,292 kB,1.005
Doprava,"R2 Mýtna - Lovinobaňa, Tomášovce",analýza,https://www.mfsr.sk/files/archiv/uhp/3370/76/r2_mytna_vfm_20180216.pdf,16.2.2018,284 kB,1.004
Doprava,"R4, Severný obchvat Prešova",analýza,https://www.mfsr.sk/files/archiv/uhp/3370/76/R4_Presov_VfM_stanovisko_20171220.pdf,21.12.2017,775 kB,1.003
Doprava,R3 Tvrdošín – Nižná nad Oravou,analýza,https://www.mfsr.sk/files/archiv/uhp/3370/76/r3_tvrdosin_nizna_vfm_170620_clean.pdf,20.06.2017,930 kB,1.002
Doprava,Hodnota za peniaze v nákupe rýchlikových vozňov ZSSK,analýza,https://www.mfsr.sk/files/archiv/uhp/3370/76/Rychlikove-vozne-ZSSK_20170505_ed.pdf,05.05.2017,216 kB,1.001
Informatizacia,Infraštruktúra pre elektronickú fakturáciu,hodnotenie,https://www.mfsr.sk/files/sk/financie/hodnota-za-peniaze/hodnotenia/informatizacia/hodnotenie_iinfrastruktura-efaktura.pdf,12.9.2025,181 kB,2.100
Informatizacia,Infraštruktúra pre elektronickú fakturáciu,štúdia uskutočniteľnosti,https://www.mfsr.sk/files/sk/financie/hodnota-za-peniaze/hodnotenia/informatizacia/i-02_projektovy_zamer_projekt_efa_public.pdf,,"2,26 MB",2.101
Informatizacia,Distribuovaný informačný ekosystém pre udržateľný rast a prax špecialistov informačných a komunikačných technológií (rozvoj NetAcad),hodnotenie,https://www.mfsr.sk/files/sk/financie/hodnota-za-peniaze/hodnotenia/informatizacia/hodnotenie_netacad.pdf,20.8.2025,185 kB,2.099
Informatizacia,Informačný systém FARMÁR (aktualizácia),hodnotenie,https://www.mfsr.sk/files/sk/financie/hodnota-za-peniaze/hodnotenia/informatizacia/is_farmar_aktualizacia-hodnotenia.pdf,20.8.2025,152 kB,2.098
Informatizacia,SLA zmluva pre Jednotný informačný systém v cestnej doprave (JISCD),hodnotenie,https://www.mfsr.sk/files/archiv/54/Hodnotenie_JISCD_SLA.pdf,29.7.2025,164 kB,2.097
Informatizacia,Centrálna integračná platforma MZ SR,hodnotenie,https://www.mfsr.sk/files/sk/financie/hodnota-za-peniaze/hodnotenia/informatizacia/hodnotenie_cip_20250709.pdf,9.7.2025,216 kB,2.096
Informatizacia,Modernizácia Platformy pre rozvoj a riešenie prioritných životných situácií,hodnotenie,https://www.mfsr.sk/files/sk/financie/hodnota-za-peniaze/hodnotenia/informatizacia/slovensko-sk-3-0_hodnotenie_uhp_03072025.pdf,3.7.2025,161 kB,2.095
Informatizacia,Národný integrovaný cestovný lístok (aktualizácia),hodnotenie,https://www.mfsr.sk/files/archiv/28/Aktualizacia-hodnotenia_NICL.pdf,13.6.2025,131 kB,2.094
Informatizacia,Kybernetická bezpečnosť v samospráve do 6 000 obyvateľov,hodnotenie,https://www.mfsr.sk/files/sk/financie/hodnota-za-peniaze/hodnotenia/informatizacia/hodnotenie_kyberneticka-bezpecnost-samosprave-do-6-000-obyvatelov.pdf,4.6.2025,255 kB,2.093
Informatizacia,Vývoj a konštrukcia superpočítača pre národné superpočítačové centrum - lokalita Technická univerzita Košice,hodnotenie,https://www.mfsr.sk/files/sk/financie/hodnota-za-peniaze/hodnotenia/informatizacia/aktualizacia-hodnotenia_superpocitac_tuke.pdf,14.5.2025,140 kB,2.092
Informatizacia,Digitálna infraštruktúra škôl – časť Národný centrálny uzol (NCU),hodnotenie,https://www.mfsr.sk/files/sk/financie/hodnota-za-peniaze/hodnotenia/informatizacia/hodnotenie_narodny_centralny_uzol_msvvam.pdf,7.5.2025,178 kB,2.091
Informatizacia,Zabezpečenie výpočtovej techniky na lokalitách v rámci celej SR (aktualizácia),hodnotenie,https://www.mfsr.sk/files/sk/financie/hodnota-za-peniaze/hodnotenia/informatizacia/ikt_ramcova_zmluva_aktualizacia_uhp.pdf,6.5.2025,182 kB,2.090
Informatizacia,Digitálna infraštruktúra škôl (aktualizácia),hodnotenie,https://www.mfsr.sk/files/sk/financie/hodnota-za-peniaze/hodnotenia-investicnych-projektov/it/digi_infra_skoly_aktualizacia_uhp.pdf,4.4.2025,224 kB,2.089
Informatizacia,"Dátové centrum pre vedu, výskum a inovácie",hodnotenie,https://www.mfsr.sk/files/sk/financie/hodnota-za-peniaze/hodnotenia-investicnych-projektov/it/datove-centrum-vedu-vyskum-inovacie_hodnotenie-uhp-2025.pdf,23.1.2025,203 kB,2.088
Informatizacia,Obnova sieťovej infraštruktúry v pôsobnosti Ministerstva spravodlivosti SR,hodnotenie,https://www.mfsr.sk/files/sk/financie/hodnota-za-peniaze/hodnotenia-investicnych-projektov/it/sietova_infra_hodnotenie_uhp.pdf,16.1.2025,207 kB,2.087
Informatizacia,Národný cestovný lístok (aktualizácia),hodnotenie,https://www.mfsr.sk/files/sk/financie/hodnota-za-peniaze/hodnotenia-investicnych-projektov/it/narodny_cestovny_listok_hodnotenie_uhp.pdf,20.12.2024,149 kB,2.086
Informatizacia,Vývoj a konštrukcia superpočítača pre národné superpočítačové centrum (aktualizácia),hodnotenie,https://www.mfsr.sk/files/sk/financie/hodnota-za-peniaze/hodnotenia-investicnych-projektov/it/aktualizacia-hodnotenia_superpocitac_sav.pdf,12.12.2024,157 kB,2.085
Informatizacia,Rozpočtový informačný systém (RIS),hodnotenie,https://www.mfsr.sk/files/sk/financie/hodnota-za-peniaze/hodnotenia-investicnych-projektov/it/ris_hodnotenie_uhp.pdf,3.12.2024,261 kB,2.084
Informatizacia,Rozpočtový informačný systém (RIS),štúdia uskutočniteľnosti,https://www.mfsr.sk/files/archiv/1/RIS_SU-sprava.pdf,,,2.103
Informatizacia,Centrálna rámcová dohoda SAP - dodatok č. 1 (aktualizácia),hodnotenie,https://www.mfsr.sk/files/sk/financie/hodnota-za-peniaze/hodnotenia-investicnych-projektov/it/hodnotenie_dodatok_sap.pdf,20.11.2024,141 kB,2.083
Informatizacia,Informačný systém FARMÁR,hodnotenie,https://www.mfsr.sk/files/sk/financie/hodnota-za-peniaze/hodnotenia-investicnych-projektov/it/is-farmar_hodnotenie_uhp.pdf,14.11.2024,171 kB,2.082
Informatizacia,Obnova desktopových licencií pre MPSVaR SR,hodnotenie,https://www.mfsr.sk/files/sk/financie/hodnota-za-peniaze/hodnotenia-investicnych-projektov/it/hodnotenie_msft_mpsvar.pdf,24.10.2024,152 kB,2.081
Informatizacia,​​Rozširovanie riadenia IT aktív – ITAM 2.0​,hodnotenie,https://www.mfsr.sk/files/sk/financie/hodnota-za-peniaze/hodnotenia-investicnych-projektov/it/rozsirovanie-riadenia-it-aktiv-itam-2-0_hodnotenie-uhp-2024.pdf,18.10.2024,192 kB,2.080
Informatizacia,Centrálny ekonomický systém – dodatok č. 3 (aktualizácia),hodnotenie,https://www.mfsr.sk/files/sk/financie/hodnota-za-peniaze/hodnotenia-investicnych-projektov/it/aktualizacia_hodnotenia_ces.pdf,27.9.2024,198 kB,2.079
Informatizacia,Zvýšenie kybernetickej bezpečnosti samospráv do 6 000 obyvateľov,hodnotenie,https://www.mfsr.sk/files/sk/financie/hodnota-za-peniaze/hodnotenia-investicnych-projektov/it/hodnotenie_uhp_dcom.pdf,13.9.2024,274 kB,2.078
Informatizacia,Vybudovanie IT platformy lepšej regulácie podľa stratégie RIA 2020,hodnotenie,https://www.mfsr.sk/files/sk/financie/hodnota-za-peniaze/hodnotenia-investicnych-projektov/it/vybudovanie_it_platformy_lepsej_regulacie_podla_strategie_ria_2020_hodnotenie_uhp_2024.pdf,13.9.2024,217 kB,2.077
Informatizacia,Obnova desktopových licencií pre kapitolu Ministerstva vnútra Slovenskej republiky,hodnotenie,https://www.mfsr.sk/files/sk/financie/hodnota-za-peniaze/hodnotenia-investicnych-projektov/it/hodnotenie_uhp_mv_msft.pdf,11.9.2024,163 kB,2.076
Informatizacia,Obnova desktopových licencií pre kapitolu Ministerstva financií Slovenskej republiky,hodnotenie,https://www.mfsr.sk/files/sk/financie/hodnota-za-peniaze/hodnotenia-investicnych-projektov/it/hodnotenie_uhp_mf_licencie.pdf,5.9.2024,160 kB,2.075
Informatizacia,Modernizácia infraštruktúry pre kľúčové interné systémy MV SR – Etapa 2,hodnotenie,https://www.mfsr.sk/files/archiv/19/Hodnotenie_UHP_DC_MV_20240823.pdf,2.9.2024,210 kB,2.074
Informatizacia,eSKa Cloud (aktualizácia),hodnotenie,https://www.mfsr.sk/files/sk/financie/hodnota-za-peniaze/hodnotenia-investicnych-projektov/it/aktualizacia_hodnotenia_eska-cloud_mirri.pdf,19.8.2024,172 kB,2.073
Informatizacia,Zabezpečenie výpočtovej technicky na lokalitách v rámci celej SR,hodnotenie,https://www.mfsr.sk/files/sk/financie/hodnota-za-peniaze/hodnotenia-investicnych-projektov/it/ikt_ramcova_zmluva_hodnotenie_uhp_20240816.pdf,16.8.2024,178 kB,2.072
Informatizacia,"Pokračovanie obstarávania licencií pre operačný systém, kancelársky balík a prístup používateľov na server na ďalšie obdobie",hodnotenie,https://www.mfsr.sk/files/sk/financie/hodnota-za-peniaze/hodnotenia-investicnych-projektov/it/dns_microsoft_hodnotenie_uhp.pdf,17.7.2024,200 kB,2.071
Informatizacia,"Pokračovanie obstarávania licencií pre operačný systém, kancelársky balík a prístup používateľov na server na ďalšie obdobie",štúdia uskutočniteľnosti,https://mirri.gov.sk/wp-content/uploads/2021/06/PZ_MS_DNS_Pokracovanie_2024-2027.pdf,,,2.102
Informatizacia,Národný integrovaný cestovný lístok,hodnotenie,https://www.mfsr.sk/files/sk/financie/hodnota-za-peniaze/hodnotenia-investicnych-projektov/it/narodny_cestovny_listok_hodnotenie_uhp_final.pdf,11.7.2024,228 kB,2.070
Informatizacia,Komplexné riešenie výrobných liniek dokladov občanov a cudzincov,hodnotenie,https://www.mfsr.sk/files/sk/financie/hodnota-za-peniaze/hodnotenia-investicnych-projektov/it/nova_lokalita_npc_hodnotenie_uhp.pdf,21.6.2024,191 kB,2.069
Informatizacia,Vývoj a konštrukcia superpočítača pre národné superpočítačové centrum (aktualizácia),analýza,https://www.mfsr.sk/files/sk/financie/hodnota-za-peniaze/hodnotenia-investicnych-projektov/it/aktualizacia_hodnotenia_superpocitac_sav.pdf,21.3.2024,166 kB,2.068
Informatizacia,"Posilnenie prevencie, zvýšenie rýchlosti detekcie a riešenia incidentov (akt.)",analýza,https://www.mfsr.sk/files/sk/financie/hodnota-za-peniaze/hodnotenia-investicnych-projektov/it/hodnotenie_uhp_ewsaktualizacia.pdf,9.2.2024,431 kB,2.067
Informatizacia,Prevádzka služby eKolok na obdobie 10 rokov,analýza,https://www.mfsr.sk/files/archiv/88/eKolok_MF_SR_hodnotenie_UHP.pdf,26.1.2024,,2.066
Informatizacia,"Posilnenie preventívnych opatrení, zvýšenie rýchlosti detekcie a riešenia incidentov",analýza,https://www.mfsr.sk/files/sk/financie/hodnota-za-peniaze/hodnotenia-investicnych-projektov/it/hodnotenie_uhp_ews.pdf,8.12.2023,425 kB,2.065
Informatizacia,Informačný monitorovací systém pre programové obdobie na roky 2021-2027 (ITMS21+) - aktualizácia,analýza,https://www.mfsr.sk/files/archiv/31/Hodnotenie_UHP_ITMS21_akt.pdf,30.8.2023,401 kB,2.064
Informatizacia,Vybudovanie udržateľného HPC ekosystému na Slovensku,analýza,https://www.mfsr.sk/files/archiv/19/Superpocitac_MIRRI_SR_hodnotenie_UHP.pdf,25.5.2023,247 kB,2.063
Informatizacia,Národný plán širokopásmového pripojenia,analýza,https://www.mfsr.sk/files/archiv/37/Hodnotenie_UHP_UFB.pdf,21.4.2023,186 kB,2.062
Informatizacia,Obnova HW vybavenia obcí zapojených do IS DCOM (ako súčasť projektu DCOM+) – aktualizácia,analýza,https://www.mfsr.sk/files/archiv/14/Hodnotenie_UHP_DeusHWAktualizacia_20230301.pdf,1.3.2023,503 kB,2.061
Informatizacia,Cloud MIRRI SR,analýza,https://www.mfsr.sk/files/archiv/88/Cloud_MIRRI_SR_hodnotenie_UHP_20230221.pdf,21.2.2023,237 kB,2.060
Informatizacia,Optimalizácia procesov riadenia a prevádzky Zboru väzenskej a justičnej stráže (aktualizácia),analýza,https://www.mfsr.sk/files/archiv/47/Hodnotenie_UHP_ZVJSaktualizacia_20230209.pdf,9.2.2023,402 kB,2.059
Informatizacia,Digitálna infraštruktúra škôl,analýza,https://www.mfsr.sk/files/archiv/91/Digitalna_infrastruktura_hodnotenie_UHP_20230118.pdf,18.1.2023,225 kB,2.058
Informatizacia,Digitálne vybavenie škôl,analýza,https://www.mfsr.sk/files/archiv/22/Hodnotenie_UHP_DigVybavenieSkol_20230118.pdf,18.1.2023,411 kB,2.057
Informatizacia,Sanácia prevádzkyschopnosti Národného personalizačného centra,analýza,https://www.mfsr.sk/files/archiv/33/Sanacia_NPC_hodnotenie_UHP_20221111.pdf,11.11.2022,228 kB,2.056
Informatizacia,Digitalizácia a modernizácia elektronických služieb štátnych archívov v európskom kontexte,analýza,https://www.mfsr.sk/files/archiv/92/Hodnotenie_UHP_digitalizaciaarchivov_20221110.pdf,10.11.2022,159 kB,2.055
Informatizacia,Informačný monitorovací systém pre programové obdobie na roky 2021-2027 (ITMS21+),analýza,https://www.mfsr.sk/files/archiv/59/Hodnotenie_UHP_ITMS21_20221026.pdf,26.10.2022,394 kB,2.054
Informatizacia,Dynamický nákupný systém cloudových služieb,analýza,https://www.mfsr.sk/files/archiv/96/DNS_Cloud_MIRRI_SR_hodnotenie_UHP_20221005.pdf,12.10.2022,231 kB,2.053
Informatizacia,Zvýšenie kapacity vládneho cloudu v Datacentre Kopčianska (aktualizácia),analýza,https://www.mfsr.sk/files/archiv/2/Hodnotenie_aktualizacia_kopcianska_20221004.pdf,6.10.2022,311 kB,2.052
Informatizacia,Rezortný privátny cloud Ministerstva financií SR,analýza,https://www.mfsr.sk/files/archiv/61/Cloud_MF_SR_hodnotenie_UHP_20221003.pdf,5.10.2022,397 kB,2.051
Informatizacia,Vybudovanie informačného systému na poskytovanie Leteckých informačných služieb (IS LIS),analýza,https://www.mfsr.sk/files/archiv/24/Hodnotenie_UHP_ISLeteckychSluzieb_20220916.pdf,16.9.2022,526 kB,2.050
Informatizacia,Obnova HW vybavenia obcí zapojených do IS DCOM (ako súčasť projektu DCOM+),analýza,https://www.mfsr.sk/files/archiv/76/Hodnotenie_UHP_ObnovaHW_20220916.pdf,16.9.2022,199 kB,2.049
Informatizacia,"Nákup licencií pre operačný systém, kancelársky balík a prístup používateľov na server – MV SR",analýza,https://www.mfsr.sk/files/archiv/94/microsoft_MVSR_hodnotenie_UHP_20211005.pdf,06.10.2021,240 kB,2.048
Informatizacia,"Nákup licencií pre operačný systém, kancelársky balík a prístup používateľov na server – MO SR",analýza,https://www.mfsr.sk/files/archiv/61/microsoft_MOSR_hodnotenie_UHP_20210922_1300.pdf,22.9.2021,250 kB,2.047
Informatizacia,"Nákup licencií pre operačný systém, kancelársky balík a prístup používateľov na server – MO SR",štúdia uskutočniteľnosti,https://www.mosr.sk/data/files/4463_210804_studia-uskutocnitelnosti.pdf,22.9.2021,246 kB,2.046
Informatizacia,"Nákup licencií pre operačný systém, kancelársky balík a prístup používateľov na server – MO SR",analýza,https://www.mosr.sk/data/files/4461_analyza.pdf,22.9.2021,029 kB,2.045
Informatizacia,Slovensko v mobile,analýza,https://www.mfsr.sk/files/archiv/83/SvM_UHP_hodnotenie_20210518.pdf,17.6.2021,156 kB,2.044
Informatizacia,"Nákup licencií pre operačný systém, kancelársky balík a prístup používateľov na server",analýza,https://www.mfsr.sk/files/archiv/36/microsoft_hodnotenie_UHP_20210511.pdf,12.5.2021,330  kB,2.043
Informatizacia,eCommerce - Zásielky nízkej hodnoty,analýza,https://www.mfsr.sk/files/archiv/88/eCommerce_201203_web.pdf,3.12.2020,296  kB,2.042
Informatizacia,Zmluva na prevádzku a rozvoj systému Portál finančnej správy (PFS),analýza,https://www.mfsr.sk/files/archiv/65/pfs_sla_hodnotenie_20200316.pdf,16.03.2020,262  kB,2.041
Informatizacia,Zmluva na prevádzku a rozvoj systému Portál finančnej správy (PFS),štúdia uskutočniteľnosti,https://www.mfsr.sk/files/archiv/96/Dokument-PredmetSLArozvojPFS2020v_public.pdf,,1149  kB,2.104
Informatizacia,Zvýšenie kapacity vládneho cloudu v Datacentre Tajov,analýza,https://www.mfsr.sk/files/archiv/65/IaaS_Tajov_UHP_hodnotenie_200122.pdf,28.01.2020,330 kB,2.040
Informatizacia,Zmluva na prevádzku a rozvoj systému Rozpočtový informačný systém (RIS),analýza,https://www.mfsr.sk/files/archiv/71/RIS_SLA_hodnotenie_20191206.pdf,12.12.2019,271 kB,2.039
Informatizacia,Informačný systém komplexného vybavenia cestujúcich,analýza,https://www.mfsr.sk/files/archiv/37/KVC_UHP_hodnotenie_20190812_2.pdf,19.8.2019,278 kB,2.038
Informatizacia,Vládny cloud – rozšírenie o Komunitný zdravotnícky cloud,analýza,https://www.mfsr.sk/files/archiv/86/ZDE_UHP_hodnotenie_20190701.pdf,1.7.2019,258 kB,2.037
Informatizacia,Centrum ochrany kritickej infraštruktúry a podpora činností v oblasti krízového riadenia Slovenskej republiky v gescii MH SR,analýza,https://www.mfsr.sk/files/archiv/27/MH_SR_Krit_infra_UHP_hodnotenie_190701.pdf,1.7.2019,280 kB,2.036
Informatizacia,Atlas pasívnej infraštruktúry,analýza,https://www.mfsr.sk/files/archiv/62/API_UHP_hodnotenie_20190611.pdf,11.6.2019,274 kB,2.035
Informatizacia,"Vybudovanie Centra simulácie, výskumu a výuky kybernetických hrozieb a kybernetickej bezpečnosti",analýza,https://www.mfsr.sk/files/archiv/94/kyberarena_UHP_hodnotenie_20190611.pdf,11.6.2019,277 kB,2.034
Informatizacia,Centrálny systém súdneho riadenia,analýza,https://www.mfsr.sk/files/archiv/19/CSSR_UHP_hodnotenie_20190611.pdf,11.6.2019,455 kB,2.033
Informatizacia,Vybudovanie nosnej infraštruktúry bezpečného informačno-komunikačného systému FS SR,analýza,https://www.mfsr.sk/files/archiv/35/CyberFS_UHP_hodnotenie_20190611.pdf,11.6.2019,260 kB,2.032
Informatizacia,Rozšírenie portfólia služieb a inovácia služieb elektronického zdravotníctva,analýza,https://www.mfsr.sk/files/archiv/76/ESO2_UHP_hodnotnie_20190611.pdf,11.6.2019,253 kB,2.031
Informatizacia,Zvýšenie kapacity vládneho cloudu v Datacentre Kopčianska,analýza,https://www.mfsr.sk/files/archiv/3/IaaS_Kopc_UHP_hodnotenie_20190611.pdf,11.6.2019,287 kB,2.030
Informatizacia,Konsolidovaná analytická vrstva,analýza,https://www.mfsr.sk/files/archiv/25/KAV_UHP_hodnotenie_190611.pdf,11.6.2019,261 kB,2.029
Informatizacia,Jednotný informačný systém štatistických údajov,analýza,https://www.mfsr.sk/files/archiv/34/JISSU_UHP_hodnotenie_20190611.pdf,11.6.2019,442 kB,2.028
Informatizacia,"Sčítanie obyvateľov, domov a bytov 2021",analýza,https://www.mfsr.sk/files/archiv/81/SODB21_UHP_hodnotenie_190509.pdf,16.5.2019,144 kB,2.027
Informatizacia,Modernizácia dávkových agend Sociálnej poisťovne,analýza,https://www.mfsr.sk/files/archiv/9/MODA_UHP_hodnotenie_20190423.pdf,24.4.2019,257 kB,2.024
Informatizacia,IT platforma lepšej regulácie podľa stratégie RIA 2020 - 2. fáza,analýza,https://www.mfsr.sk/files/archiv/10/RIA_hodnotenie_UHP_2019-04-24_bez_TC.pdf,24.4.2019,463 kB,2.026
Informatizacia,Elektronizácia služieb regionálneho a vysokého školstva SR,analýza,https://www.mfsr.sk/files/archiv/66/MS_UHP_hodnotenie_190424.pdf,24.4.2019,266 kB,2.025
Informatizacia,Služby certifikačnej autority pre FS (PKI služby pre FS) a PKI e-Kasa,analýza,https://www.mfsr.sk/files/archiv/50/PKI_FS_hodnotenie_20190408_1530.pdf,8.4.2019,230 kB,2.023
Informatizacia,Systém verejného obstarávania,analýza,https://www.mfsr.sk/files/archiv/55/SVO_UHP_hodnotenie_20190220.pdf,21.01.2019,261 kB,2.022
Informatizacia,Pamiatkový informačný systém,analýza,https://www.mfsr.sk/files/archiv/4/PAMIS_UHP_hodnotenie_20190220.pdf,21.01.2019,264 kB,2.021
Informatizacia,Digitálny ekosystém inklúzie,analýza,https://www.mfsr.sk/files/archiv/83/DEI_UHP_hodnotenie_20190220_1030.pdf,21.01.2019,272 kB,2.020
Informatizacia,Centrálna API Manažment Platforma,analýza,https://www.mfsr.sk/files/archiv/63/API_GW_UHP_hodnotenie_20190220.pdf,21.01.2019,264 kB,2.019
Informatizacia,Zefektívnenie štátneho dozoru v starostlivosti o životné prostredie,analýza,https://www.mfsr.sk/files/archiv/34/SIZP_UHP_hodnotenie_20190215.pdf,21.01.2019,459 kB,2.018
Informatizacia,Zabezpečenie efektívneho používania služieb ESO1 poskytovateľmi zdravotnej starostlivosti na celom území SR (projekt ESO1 – D),analýza,https://www.mfsr.sk/files/archiv/79/ESO1D_UHP_hodnotenie_20181215.pdf,17.12.2018,268 kB,2.016
Informatizacia,Online procesy eZdravia,analýza,https://www.mfsr.sk/files/archiv/17/OPE_UHP_hodnotenie_20181206.pdf,17.12.2018,246 kB,2.015
Informatizacia,Optimalizácia procesov riadenia a prevádzky Zboru väzenskej a justičnej stráže,analýza,https://www.mfsr.sk/files/archiv/71/ZVJS_UHP_hodnotenie_181210.pdf,17.12.2018,294 kB,2.017
Informatizacia,Informačný systém elektronickej fakturácie,analýza,https://www.mfsr.sk/files/archiv/uhp/3370/76/efaktura_UHP_hodnotenie_20181009_titulka.pdf,19.11.2018,246 kB,2.014
Informatizacia,Inklúzia prostredníctvom komplexného elektronického riešenia problematiky parkovania osôb s ťažkým zdravotným postihnutím,analýza,https://www.mfsr.sk/files/archiv/uhp/3370/76/einkluzia_UHP_hodnotenie_20181010.pdf,10.10.2018,279 kB,2.013
Informatizacia,Integrovaný informačný systém Úradu verejného zdravotníctva,analýza,https://www.mfsr.sk/files/archiv/uhp/3370/76/IS_UVZ_UHP_hodnotenie_20181010.pdf,10.10.2018,314 kB,2.012
Informatizacia,Jednotný prístup k priestorovým údajom a službám,analýza,https://www.mfsr.sk/files/archiv/uhp/3370/76/JPPUS_UHP_hodnotenie_20181010_final.pdf,10.10.2018,279 kB,2.011
Informatizacia,"IT projekty Ministerstva vnútra SR (Centrálne komponenty verejnej správy, Riadenie procesov a dát pre OÚ, PZ a HaZZ, Digitálne pracovné prostredie zamestnanca MV SR)",analýza,https://www.mfsr.sk/files/archiv/uhp/3370/76/Stanovisko_MVSR_projekty.pdf,25.7.2018,404 kB,2.010
Informatizacia,Zavedenie služieb Platform as a Service,analýza,https://www.mfsr.sk/files/archiv/uhp/3370/76/Stanovisko_PaaS_UHP_180418.pdf,19.4.2018,385 kB,2.009
Informatizacia,"Zvyšovanie úžitkovej hodnoty digitálnych služieb pre občanov, podnikateľov a inštitúcie verejnej správy",analýza,https://www.mfsr.sk/files/archiv/uhp/3370/76/Stanovisko_UPVS_UHP_180418.pdf,19.4.2018,543 kB,2.008
Informatizacia,Rozvoj platformy integrácie údajov a Manažment osobných údajov,analýza,https://www.mfsr.sk/files/archiv/uhp/3370/76/Stanovisko_RozvojCSRU_UHP_20180418.pdf,19.4.2018,442 kB,2.007
Informatizacia,IT platforma lepšej regulácie podľa stratégie RIA 2020,analýza,https://www.mfsr.sk/files/archiv/uhp/3370/76/RIA_stanovisko_UHP_2018-04-18.pdf,19.4.2018,460 kB,2.006
Informatizacia,Informačný systém výstavby,analýza,https://www.mfsr.sk/files/archiv/uhp/3370/76/ISV_stanovisko_UHP_20180228.pdf,28.2.2018,499 kB,2.005
Informatizacia,Dátová integrácia: Sprístupnenie údajovej základne VS,analýza,https://www.mfsr.sk/files/archiv/uhp/3370/76/Datova_integracia_stanovisko_UHP_20171211.pdf,11.12.2017,516 kB,2.003
Informatizacia,Migrácia IS obcí do vládneho cloudu - Plošné rozšírenie IS DCOM - 2. etapa (DCOM+),analýza,https://www.mfsr.sk/files/archiv/uhp/3370/76/Stanovisko_DCOM_UHP_20171211.pdf,11.12.2017,529 kB,2.004
Informatizacia,Informačný systém  Obchodného registra SR,analýza,https://www.mfsr.sk/files/archiv/uhp/3370/76/stanovisko_ORSR_UHP_170512.pdf,12.05.2017,283 kB,2.002
Informatizacia,Centrálny ekonomický systém,analýza,https://www.mfsr.sk/files/archiv/uhp/3370/76/stanovisko_CES_VfM_170503.pdf,12.05.2017,426 kB,2.001
