Project Name,Type,URL,Date,File Size
Ostatné,hodnotenie,https://www.mfsr.sk/files/sk/financie/hodnota-za-peniaze/hodnotenia/ostatne/hodnotenie_hasicskych_striekaciek.pdf,15.8.2025,436 kB
Ostatné,,https://www.minv.sk/swift_data/source/hasici_a_zachranari/gegussova/odovodnenie_investicie/studia%20uskutocnitelnosti%20CAS30%20v2.pdf,,"1,2 MB"
Ostatné,hodnotenie,https://www.mfsr.sk/files/sk/financie/hodnota-za-peniaze/hodnotenia/ostatne/hodnotenie_plan-rozvoja-leteckeho-utvaru-mvsr-vyhladom-do-roku-2031-oblast-vrtulnikove.pdf,10.7.2025,198 kB
Ostatné,,https://www.mfsr.sk/files/sk/financie/hodnota-za-peniaze/hodnotenia/ostatne/studia_heli_nakup_2025.pdf,,784 kB
Ostatné,hodnotenie,https://www.mfsr.sk/files/sk/financie/hodnota-za-peniaze/hodnotenia-investicnych-projektov/ostatne/koncepcny-plan-obnovy-osobnych-automobilov-mo-sr-final1.pdf,12.6.2024,245 kB
Ostatné,hodnotenie,https://www.mfsr.sk/files/sk/financie/hodnota-za-peniaze/hodnotenia-investicnych-projektov/ostatne/hodnotenie_zvysenie-majetkovej-ucasti-statu-exportno-importnej-banke-slovenskej-republiky.pdf,11.6.2024,204 kB
Ostatné,,https://www.mfsr.sk/files/archiv/91/Studia_uskutocnitelnosti_investicie_zvysenie-majetkovej_ucasti_statu_v_EXIMBANKE_SR.pdf,,999 kB
Ostatné,hodnotenie,https://www.mfsr.sk/files/sk/financie/hodnota-za-peniaze/hodnotenia-investicnych-projektov/ostatne/nakup-hasicskych-automobilov-plosinami_hodnotenie-uhp.pdf,31.5.2024,363 kB
Ostatné,analýza,https://www.mfsr.sk/files/archiv/10/Hodnotenie_PP-Surany_20240528.pdf,28.5.2024,
Ostatné,analýza,https://www.mfsr.sk/files/archiv/9/Hodnotenie_vozidla1B20230428.pdf,28.4.2023,247 kB
Ostatné,,https://www.minv.sk/swift_data/source/hasici_a_zachranari/krizanova_foto/rok_2023/marec_2023/odovodnenie_investicie_obmena_automobilov_hasicskej_zachrannej_sluzby_kategorie_1b_studia_uskutocnitelnosti/studia uskutocnitelnosti_AHZS 1B_v9.pdf,,
Ostatné,analýza,https://www.mfsr.sk/files/archiv/67/UHP-Hodnotenie_ASOPPCP.pdf,5.4.2023,316 kB
Ostatné,analýza,https://www.mfsr.sk/files/archiv/16/Hodnotenie_Rozvoj-strategickeho-uzemia-Valaliky_20230130.pdf,30.1.2023,509 kB
Ostatné,analýza,https://www.mfsr.sk/files/archiv/20/Vystavba-telocvicni-a-skolskych-dvorov-na-ZS_hodnotenie-062022.pdf,3.6.2022,405 kB
Ostatné,analýza,https://www.mfsr.sk/files/archiv/29/Hodnotenie_NKKC_211214.pdf,15.12.2021,408 kB
Ostatné,analýza,https://www.mfsr.sk/files/archiv/24/Hodnotenie_Valaliky_211008.pdf,08.10.2021,328 kB
Ostatné,analýza,https://www.mfsr.sk/files/archiv/uhp/3370/76/vaznica_RS_stanovisko_180111_web.pdf,11.1.2018,313 kB
Ostatné,,http://www.zvjs.sk/dokumenty/PDF/Akt_pro_obv_ods_2035.pdf,11.1.2018,68 kB
Ostatné,,http://www.zvjs.sk/dokumenty/GRZVJS-aktualizacia_studie_usk_.pdf,11.1.2018,"12,9 MB"
Obrana,hodnotenie,https://www.mfsr.sk/files/archiv/28/mo_sliac_aktualizacia_zmluva_20250123.pdf,23.1.2025,140 kB
Obrana,,https://www.mosr.sk/data/files/5761_priloha-7-formular-na-aktualizaciu-studie-uskutocnitelnosti-pred-vytvorenim-zavazku-podpisom-zmluvy-final.pdf,,
Obrana,hodnotenie,https://www.mfsr.sk/files/archiv/28/MO_Sliac_aktualizacia_20241004.pdf,4.10.2024,165 kB
Obrana,,https://www.mosr.sk/data/files/5691_semai-195-20-2024.pdf,,
Obrana,hodnotenie,https://www.mfsr.sk/files/archiv/48/UHP_Hodnotenie_Utocne-pusky.pdf,18.10.2023,405 kB
Obrana,,https://www.mosr.sk/data/files/5222_tudia-uskutocnitelnosti-obstarania-556mm-utocnej-pusky-s-prislusenstvom.pdf,,
Obrana,analýza,https://www.mfsr.sk/files/archiv/6/UHP_MO_Aktualizacia_PVO.pdf,19.9.2023,692 kB
Obrana,,https://www.mosr.sk/data/files/5202_formular-na-aktualizaciu-studie-uskutocnitelnosti-obstarania-pp-pvo-prva-etapa.pdf,,
Obrana,analýza,https://www.mfsr.sk/files/archiv/51/LZ-Sliac_hodnotenie_UHP.pdf,9.6.2023,361 kB
Obrana,,https://www.mosr.sk/data/files/5064_zverejnenie-studie-uskutocnitelnosti-obstaravania-stavby-na-leteckej-zakladni-sliac.pdf,,
Obrana,analýza,https://www.mfsr.sk/files/archiv/93/Hodnotenie_PVO.pdf,27.4.2023,425 kB
Obrana,,https://www.mosr.sk/data/files/5029_tudia-uskutocnitelnosti-obstarania-pp-pvo-.pdf,,"1,14 MB"
Obrana,analýza,https://www.mfsr.sk/files/archiv/86/MO_Aktualizacia_PBOV_20221212.pdf,12.12.2022,"1,05 MB"
Obrana,analýza,https://www.mfsr.sk/files/archiv/68/Aktualizacia_BOV8x8_20220824.pdf,5.9.2022,470 kB
Obrana,,https://www.mosr.sk/data/files/4801_tudia-uskutocnitelnosti-pre-obstaranie-bov-8x8-ver-12.pdf,,"3,46 MB"
Obrana,analýza,https://www.mfsr.sk/files/archiv/56/Hodnotenie_PBOV_a_POV_20220628.pdf,28.6.2022,758 kB
Obrana,,https://www.mosr.sk/data/files/4770_tudia-uskutocnitelnosti-pbov-a-pov.pdf,,"2,88 MB"
Obrana,analýza,https://www.mfsr.sk/files/archiv/77/Hodnotenie_BOV8x8_20220330.pdf,30.3.2022,888 kB
Obrana,,https://www.mosr.sk/data/files/4664_tudia_uskutocnitelnosti_obstarania_bov_8x8.pdf,,"2,4 MB"
Obrana,analýza,https://www.mfsr.sk/files/archiv/2/Hodnotenie_BOV8x8_20210908.pdf,8.9.2021,349 kB
Obrana,analýza,https://www.mfsr.sk/files/archiv/65/Hodnotenie_PBOV_20210908.pdf,8.9.2021,273 kB
Obrana,analýza,https://www.mfsr.sk/files/archiv/29/Hodnotenie_Black_Hawk_SOF.pdf,2.6.2021,334  kB
Obrana,,https://www.mosr.sk/data/files/4378_tudia-uskutocnitelnosti-uh-60m-pre-sso-fondy-usg.pdf,,
Obrana,,https://www.mfsr.sk/files/archiv/15/Aktualizaciahodnotenia3DRadary_20210324.pdf,25.3.2021,74  kB
Obrana,analýza,https://www.mfsr.sk/files/archiv/61/Hodnotenie_3DRadary_20210112.pdf,12.1.2021,304  kB
Obrana,,https://www.mfsr.sk/files/archiv/uhp/3370/76/Hodnotenie-nakupu-viacucelovych-taktickych-lietadiel.pdf,,
Obrana,analýza,https://www.mfsr.sk/files/archiv/uhp/3370/76/Hodnotenie_bov-4x4-8x8_uhp.pdf,15.11.2017,438 kB
Budovy,hodnotenie,https://www.mfsr.sk/files/archiv/83/Hodnotenie_Najom_MZSR_20250702.pdf,2.7.2025,444 kB
Budovy,hodnotenie,https://www.mfsr.sk/files/sk/financie/hodnota-za-peniaze/hodnotenia/budovy/hodnotenie_hviezda_aktualizacia_pred_podpisom.pdf,30.5.2025,140 kB
Budovy,,https://www.mosr.sk/data/att/164039.pdf,,132 kB
Budovy,hodnotenie,https://www.mfsr.sk/files/sk/financie/hodnota-za-peniaze/hodnotenia-investicnych-projektov/budovy/aktualizacia_pred_podpisom_mss_bratislava.pdf,15.10.2024,176 kB
Budovy,hodnotenie,https://www.mfsr.sk/files/sk/financie/hodnota-za-peniaze/hodnotenia-investicnych-projektov/budovy/hodnotenie_rekonstrukcia_internatu_hviezda.pdf,22.8.2024,461 kB
Budovy,,https://www.mosr.sk/data/files/5500_tus_rekonstrukcia-internatu-hviezda.pdf,,
Budovy,hodnotenie,https://www.mfsr.sk/files/sk/financie/hodnota-za-peniaze/hodnotenia-investicnych-projektov/budovy/aktualizacia_mestsky-sud-ba-iii-iv.pdf,26.7.2024,192 kB
Budovy,hodnotenie,https://www.mfsr.sk/files/sk/financie/hodnota-za-peniaze/hodnotenia-investicnych-projektov/budovy/hodnotenie_rusovce_aktualizacia_pred_podpisom.pdf,2.7.2024,173 kB
Budovy,hodnotenie,https://www.mfsr.sk/files/sk/financie/hodnota-za-peniaze/hodnotenia-investicnych-projektov/budovy/aktualizacia_fnsp-bb.pdf,27.6.2024,183 kB
Budovy,analýza,https://www.mfsr.sk/files/archiv/45/Aktualizacia3_nUNM_20240605.pdf,5.6.2024,170 kB
Budovy,,https://www.unm.sk/storage/app/uploads/public/665/d6b/988/665d6b9889bf2401837114.pdf,,
Budovy,analýza,https://www.mfsr.sk/files/sk/financie/hodnota-za-peniaze/hodnotenia-investicnych-projektov/budovy/hodnotenie_prenajom-priestorov-msvvam.pdf,13.3.2024,321 kB
Budovy,analýza,https://www.mfsr.sk/files/sk/financie/hodnota-za-peniaze/hodnotenia-investicnych-projektov/budovy/nemocnica_poprad_hodnotenie-uhp_aktualizacia-pred-podpisom.pdf,7.2.2024,158 kB
Budovy,analýza,https://www.mfsr.sk/files/archiv/80/Hodnotenie_FN-Zilina.pdf,3.11.2023,
Budovy,analýza,https://www.mfsr.sk/files/archiv/86/Aktualizacia_FNsP-BB_20230914.pdf,14.9.2023,213 kB
Budovy,analýza,https://www.mfsr.sk/files/archiv/9/Aktualizacia2_nUNM_UHP_hodnotenie.pdf,28.8.2023,428 kB
Budovy,analýza,https://www.mfsr.sk/files/archiv/78/Hodnotenie_UHP_NS-SR.pdf,17.8.2023,695 kB
Budovy,,https://www.nsud.sk/data/att/ade/700713.0f4fc9.pdf,,
Budovy,analýza,https://www.mfsr.sk/files/archiv/43/VOU_20230719.pdf,19.7.2023,200 kB
Budovy,analýza,https://www.mfsr.sk/files/sk/financie/hodnota-za-peniaze/hodnotenie-investicnych-projektov/unlp_rastislavova_hodnotenie_uhp.pdf,29.6.2023,163 kB
Budovy,analýza,https://www.mfsr.sk/files/archiv/65/Aktualizacia_Nemocnica-Poprad.pdf,28.4.2023,202 kB
Budovy,analýza,https://www.mfsr.sk/files/archiv/51/UNLP-KE-hodnotenie_20230419_f.pdf,19.4.2023,274 kB
Budovy,analýza,https://www.mfsr.sk/files/archiv/34/Nemocnica-Poprad_hodnotenie.pdf,6.4.2023,184 kB
Budovy,analýza,https://www.mfsr.sk/files/archiv/55/Hodnotenie_Kupele_Sliac_UHP.pdf,16.3.2023,399 kB
Budovy,,https://www.kupelesliac.sk/wp-content/uploads/2023/02/CBA_Kupele-Sliac.pdf,,
Budovy,analýza,https://www.mfsr.sk/files/archiv/37/FN-Presov-20230220_hodnotenie.pdf,3.3.2023,259 kB
Budovy,analýza,https://www.mfsr.sk/files/archiv/78/Hodnotenie_NUDCH_20230203.pdf,3.2.2023,294 kB
Budovy,analýza,https://www.mfsr.sk/files/archiv/95/Hodnotenie_Reforma_sudnej_mapy_BA20230118PDF.pdf,18.1.2023,451 kB
Budovy,analýza,https://www.mfsr.sk/files/archiv/92/Hodnotenie_Fakultna-nemocnica-TT_16122022.pdf,16.12.2022,314 kB
Budovy,analýza,https://www.mfsr.sk/files/archiv/41/Aktualizacia_nUNM_20221209.pdf,9.12.2022,225 kB
Budovy,,https://www.unm.sk/sites/default/files/unm-sv-martin/formular_na_aktualizaciu_studie_uskutocnitelnosti_unsvm.pdf,,
Budovy,analýza,https://www.mfsr.sk/files/archiv/91/Hodnotenie_SND_FINAL.pdf,7.11.2022,544 kB
Budovy,,https://snd.sk/sites/default/files/HB/studia_uskutocnitelnosti_komplexnej_rekonstrukcie_hb_snd.pdf,,
Budovy,analýza,https://www.mfsr.sk/files/archiv/28/UHP_FNsPBB-hodnotenie_20221005.pdf,7.10.2022,449 kB
Budovy,analýza,https://www.mfsr.sk/files/archiv/44/Hodnotenie-MIRRI_210908_clean.pdf,9.8.2022,236 kB
Budovy,analýza,https://www.mfsr.sk/files/archiv/66/Hodnotenie_Cajka20220728_PDF.pdf,28.7.2022,653 kB
Budovy,analýza,https://www.mfsr.sk/files/archiv/62/Hodnotenie_UNM_20220225.pdf,25.2.2022,378 kB
Budovy,,https://www.mfsr.sk/files/archiv/46/rusovce_stanovisko_UHP_20200109c.pdf,,
Budovy,analýza,https://www.mfsr.sk/files/archiv/9/ACCORD_hodnotenie_190910.pdf,10.9.2019,376 kB
Budovy,analýza,https://www.mfsr.sk/files/archiv/13/stanovisko_fnsbb_20190128_publish.pdf,28.1.2019,264 kB
Budovy,,https://www.mfsr.sk/files/archiv/uhp/3370/76/Stanovisko-Rekonstrukcia-kastiela-Rusovciach.pdf,,
Budovy,analýza,https://www.mfsr.sk/files/archiv/uhp/3370/76/stanovisko_UNB_170403_2.pdf,03.04.2017,668 kB
Doprava,hodnotenie,https://www.mfsr.sk/files/sk/financie/hodnota-za-peniaze/hodnotenia/doprava/hodnotenie_bratislava_dunajska-streda_komarno.pdf,2.9.2025,581 kB
Doprava,hodnotenie,https://www.mfsr.sk/files/sk/financie/hodnota-za-peniaze/hodnotenia/doprava/hodnotenie-zssk-lezadlove-vozne_20250828.pdf,28.8.2025,356 kB
Doprava,hodnotenie,https://www.mfsr.sk/files/sk/financie/hodnota-za-peniaze/hodnotenia/doprava/aktualizacia-hodnotenia-zssk-4-ej-560_20250605.pdf,5.6.2025,163 kB
Doprava,,https://www.zssk.sk/wp-content/uploads/2025/06/SU-Obstaranie-4-ks-EJ_FINAL_akt.-odporucania-UHP-akt.-INV.pdf,,34 MB
Doprava,hodnotenie,https://www.mfsr.sk/files/sk/financie/hodnota-za-peniaze/hodnotenia/doprava/hodnotenie_d1_beharovce-branisko.pdf,14.5.2025,512 kB
Doprava,hodnotenie,https://www.mfsr.sk/files/sk/financie/hodnota-za-peniaze/hodnotenia-investicnych-projektov/doprava/hodnotenie_hybridne-vozidla.pdf,13.3.2025,636 kB
Doprava,,https://www.zssk.sk/wp-content/uploads/2025/02/SU-Obstaranie-hybridnych-EJ-pre-regionalnu-dopravu_FINAL.pdf,,"1,6 MB"
Doprava,hodnotenie,https://www.mfsr.sk/files/sk/financie/hodnota-za-peniaze/hodnotenia-investicnych-projektov/doprava/aktualizacia_hodnotenia_zssk_dialkove_supravy.pdf,13.3.2025,135 kB
Doprava,,https://www.zssk.sk/wp-content/uploads/2025/02/Priloha-6-Formular-na-aktualizaciu-studie-uskutocnitelnosti-pred-vyhlasenim-verejneho-obstaravania-1-2.pdf,,134 kB
Doprava,hodnotenie,https://www.mfsr.sk/files/sk/financie/hodnota-za-peniaze/hodnotenia-investicnych-projektov/doprava/aktualizacia-hodnotenia-zssk-lozkove-vozne_20250303.pdf,3.3.2025,170 kB
Doprava,,https://www.zssk.sk/wp-content/uploads/2025/02/Priloha-6-Formular-na-aktualizaciu-studie-uskutocnitelnosti-pred-vyhlasenim-verejneho-obstaravania-1.pdf,,116 kB
Doprava,hodnotenie,https://www.mfsr.sk/files/sk/financie/hodnota-za-peniaze/hodnotenia-investicnych-projektov/doprava/hodnotenie-zssk-4-ej-560.pdf,14.1.2025,432 kB
Doprava,,https://www.zssk.sk/wp-content/uploads/2024/12/SU-Obstaranie-4-ks-EJ.pdf,,
Doprava,hodnotenie,https://www.mfsr.sk/files/sk/financie/hodnota-za-peniaze/hodnotenia-investicnych-projektov/doprava/aktualizacia-hodnotenia_i15-stropkov-prelozka.pdf,13.11.2024,120 kB
Doprava,hodnotenie,https://www.mfsr.sk/files/sk/financie/hodnota-za-peniaze/hodnotenia-investicnych-projektov/doprava/hodnotenie-r4_uhp.pdf,11.11.2024,396 kB
Doprava,hodnotenie,https://www.mfsr.sk/files/sk/financie/hodnota-za-peniaze/hodnotenia-investicnych-projektov/doprava/hodnotenie_d1-bidovce-statna-hranica-sk_ua.pdf,11.11.2024,"1,13 MB"
Doprava,hodnotenie,https://www.mfsr.sk/files/sk/financie/hodnota-za-peniaze/hodnotenia-investicnych-projektov/doprava/hodnotenie-zssk-prenajom-rusnov_aktualizacia.pdf,9.9.2024,188 kB
Doprava,,https://www.zssk.sk/wp-content/uploads/2024/09/Formular-na-aktualizaciu-studie-uskutocnitelnosti-pred-vyhlasenim-verejneho-obstaravania.pdf,,130 kB
Doprava,hodnotenie,https://www.mfsr.sk/files/sk/financie/hodnota-za-peniaze/hodnotenia-investicnych-projektov/doprava/hodnotenie_thu_zilina.pdf,13.8.2024,269 kB
Doprava,,https://www.zssk.sk/wp-content/uploads/2024/07/FS-THU-ZILINA_10_07_2024.pdf,,"3,4 MB"
Doprava,hodnotenie,https://www.mfsr.sk/files/sk/financie/hodnota-za-peniaze/hodnotenia-investicnych-projektov/doprava/hodnotenie_thu_kosice.pdf,25.7.2024,269 kB
Doprava,,https://www.zssk.sk/wp-content/uploads/2024/05/Studia-uskutocnitelnosti-THU-Kosice.pdf,,718 kB
Doprava,hodnotenie,https://www.mfsr.sk/files/sk/financie/hodnota-za-peniaze/hodnotenia-investicnych-projektov/doprava/i75-sala_aktualizacia-hodnotenia-pred-podpisom-zmluvy.pdf,12.7.2024,155 kB
Doprava,hodnotenie,https://www.mfsr.sk/files/sk/financie/hodnota-za-peniaze/hodnotenia-investicnych-projektov/doprava/hodnotenie-zssk-vozidla-dialkovu-dopravu.pdf,6.6.2024,280 kB
Doprava,,https://www.zssk.sk/wp-content/uploads/2024/05/SU-dialkova-doprava_final.pdf,,"1,03 MB"
Doprava,analýza,https://www.mfsr.sk/files/sk/financie/hodnota-za-peniaze/hodnotenia-investicnych-projektov/doprava/aktualizacia-hodnotenia_d3_oscadnica_cadca-bukov.pdf,30.5.2024,192 kB
Doprava,analýza,https://www.mfsr.sk/files/sk/financie/hodnota-za-peniaze/hodnotenia-investicnych-projektov/doprava/hodnotenie_d1_turany_hubova.pdf,24.5.2024,462 kB
Doprava,analýza,https://www.mfsr.sk/files/sk/financie/hodnota-za-peniaze/hodnotenia-investicnych-projektov/doprava/hodnotenie-ttr-aktualizacia.pdf,21.5.2024,217 kB
Doprava,analýza,https://www.mfsr.sk/files/sk/financie/hodnota-za-peniaze/hodnotenia-investicnych-projektov/doprava/hodnotenie_velky-hores-streda-nad-bodrogom.pdf,13.3.2024,229 kB
Doprava,analýza,https://www.mfsr.sk/files/sk/financie/hodnota-za-peniaze/hodnotenia-investicnych-projektov/doprava/hodnotenie-zssk-6-ej_20240229.pdf,29.2.2024,410 kB
Doprava,analýza,https://www.mfsr.sk/files/archiv/52/Hodnotenie_severojuzne_R1R3.pdf,10.11.2023,389 kB
Doprava,analýza,https://www.mfsr.sk/files/archiv/71/Hodnotenie-D3_4-etapa.pdf,27.10.2023,383 kB
Doprava,analýza,https://www.mfsr.sk/files/archiv/39/Hodnotenie-pred-podpisom-I68-Sabinov-prelozka-cesty.pdf,27.10.2023,399 kB
Doprava,analýza,https://www.mfsr.sk/files/archiv/78/UHP_Hodnotenie-TTR_20230907.pdf,7.9.2023,487 kB
Doprava,,https://www.zsr.sk/files/modernizacia-trati/studie-realizovatelnosti/projekt-ttr/ttr-implementacia-it/su-ttr-implementacia-it-nastrojov.pdf,,"4,8 MB"
Doprava,analýza,https://www.mfsr.sk/files/archiv/23/Hodnotenie-pred-podpisom-NDS-D1-Technologia-tunela-Visnove.pdf,4.9.2023,399 kB
Doprava,analýza,https://www.mfsr.sk/files/archiv/61/Hodnotenie_BB_SL_R1_akt_pred-podpisom.pdf,25.8.2023,414 kB
Doprava,analýza,https://www.mfsr.sk/files/archiv/78/Hodnotenie_UHP_Trencin_prelozka.pdf,17.8.2023,423 kB
Doprava,analýza,https://www.mfsr.sk/files/archiv/30/Hodnotenie_D3_III-etapa_KNM_Oscadnica.pdf,27.7.2023,543 kB
Doprava,analýza,https://www.mfsr.sk/files/archiv/40/Hodnotenie_UHP_Poprad-Tatry-Vydrnik.pdf,30.6.2023,433 kB
Doprava,analýza,https://www.mfsr.sk/files/archiv/44/Hodnotenie-ZSSK-lozkove-vozne_UHP.pdf,24.6.2023,728 kB
Doprava,,https://www.zssk.sk/wp-content/uploads/2023/05/Studia-uskutocnitelnosti-obnovy-vozidloveho-parku.pdf,,
Doprava,analýza,https://www.mfsr.sk/files/archiv/46/Hodnotenie_Aktualizacia_Presov_obchvat_sever_etapa_II_R4.pdf,22.6.2023,410 kB
Doprava,analýza,https://www.mfsr.sk/files/archiv/4/UHP_hodnotenie_D3-Oscadnica-Cadca-Bukov-II.pdf,16.6.2023,446 kB
Doprava,analýza,https://www.mfsr.sk/files/archiv/18/Rekonstrukcia-Hronsky-Benadik-Nova-Bana_aktualizacia-pred-VO.pdf,9.6.2023,398 kB
Doprava,,https://www.zsr.sk/files/modernizacia-trati/studie-realizovatelnosti/sr-kr-hronsky-benadik-nova-bana/priloha-6-komplexna-rekonstrukcia-hronsky-benadik-nova-bana.pdf,,
Doprava,analýza,https://www.mfsr.sk/files/archiv/17/Hodnotenie_D4_tunel-Karpaty_20230420.pdf,2.5.2023,308 kB
Doprava,analýza,https://www.mfsr.sk/files/archiv/29/Hodnotenie_ELBAHU_20230419.pdf,21.4.2023,423 kB
Doprava,analýza,https://www.mfsr.sk/files/archiv/92/Hodnotenie_DOZZ_Presov_Strazske.pdf,19.4.2023,613 kB
Doprava,analýza,https://www.mfsr.sk/files/archiv/63/Hodnotenie_D3_etapa1.pdf,24.3.2023,474 kB
Doprava,analýza,https://www.mfsr.sk/files/archiv/52/R1-BB-Slovenska-Lupca_Aktualizacia_20230302.pdf,2.3.2023,399 kB
Doprava,analýza,https://www.mfsr.sk/files/archiv/19/Hodnotenie_GSM-R_Varin-KE-CnT_20230301.pdf,1.3.2023,404 kB
Doprava,,http://www.zsr.sk/files/modernizacia-trati/za-ke-cnt/gsm-r/gsm-r-informacia.pdf,,671 kB
Doprava,analýza,https://www.mfsr.sk/files/archiv/16/Hodnotenie-ZSSK-26-DMJ_20230224.pdf,24.2.2023,654 kB
Doprava,analýza,https://www.mfsr.sk/files/archiv/40/SSC_prelozka_I61_Trencin_20230210.pdf,10.2.2023,655 kB
Doprava,analýza,https://www.mfsr.sk/files/archiv/75/Hodnotenie-ZSSK-5-EJ_20221207.pdf,7.12.2022,451 kB
Doprava,analýza,https://www.mfsr.sk/files/archiv/4/hodnotenie_vfm_D1_Triblavina_20221121.pdf,24.11.2022,114 kB
Doprava,analýza,https://www.mfsr.sk/files/archiv/43/Hodnotenie_ChPs_20221123.pdf,23.11.2022,678 kB
Doprava,analýza,https://www.mfsr.sk/files/archiv/63/Hodnotenie_uzol-BA_20221103.pdf,3.11.2022,"1,52 MB"
Doprava,analýza,https://www.mfsr.sk/files/archiv/35/Hodnotenie_Hronsky-Benadik_Nova-Bana-20220922.pdf,23.9.2022,542 kB
Doprava,,https://www.mfsr.sk/files/archiv/29/SR-KR-Hronsky-Benadik-Nova-Bana.pdf,,"1,93 MB"
Doprava,analýza,https://www.mfsr.sk/files/archiv/82/Hodnotenie-UHP_DNV_Marchegg_20220916.pdf,16.9.2022,431 kB
Doprava,analýza,https://www.mfsr.sk/files/archiv/18/Hodnotenie_NDS_R2-Krivan-Tornala_20220727.pdf,27.7.2022,311 kB
Doprava,analýza,https://www.mfsr.sk/files/archiv/88/Hodnotenie_Poprad_Markusovce_20220719.pdf,21.7.2022,404 kB
Doprava,analýza,https://www.mfsr.sk/files/archiv/12/Hodnotenie_Elektrifikacia-BAHU_20220713.pdf,13.7.2022,583 kB
Doprava,analýza,https://www.mfsr.sk/files/archiv/84/hodnotenie_mytnesluzby_07072022.pdf,7.7.2022,442 kB
Doprava,analýza,https://www.mfsr.sk/files/archiv/33/ZilinaKosiceCnT_20220706.pdf,6.7.2022,689 kB
Doprava,,https://www.mfsr.sk/files/archiv/58/FAQs_Trat-ZA-KE-CnT.pdf,,297 kB
Doprava,analýza,https://www.mfsr.sk/files/archiv/69/Hodnotenie_vfm_NDS_D3_20220622.pdf,22.6.2022,591 kB
Doprava,analýza,https://www.mfsr.sk/files/archiv/47/Hodnotenie_NDS_R2_Zvolen_20220622.pdf,22.6.2022,778 kB
Doprava,analýza,https://www.mfsr.sk/files/archiv/24/Hodnotenie_vfm_SSC_I75_Sala_20220622.pdf,22.6.2022,359 kB
Doprava,analýza,https://www.mfsr.sk/files/archiv/95/Hodnotenie-ZSR_KnK_Cadca_20220518.pdf,18.5.2022,512 kB
Doprava,,http://www.zsr.sk/files/modernizacia-trati/studie-realizovatelnosti/studia-realizovatelnosti-zsr-modernizacia-koridoru-statna-hranica-sr-cadca-krasno-nad-kysucou-mimo-update/modernizacia-zeleznicnej-trate-krasno-nad-kysucou-statna-hranica-sr_cr_aktualizacia-variant-c.pdf,,"2,08 MB"
Doprava,analýza,https://www.mfsr.sk/files/archiv/20/Hodnotenie-ZSR-GSM-R-Varin-KE-CnT_20220518.pdf,18.5.2022,255 kB
Doprava,analýza,https://www.mfsr.sk/files/archiv/84/hodnotenie_vfm_I64_Lietavska-Lucka_20220518.pdf,18.5.2022,503 kB
Doprava,analýza,https://www.mfsr.sk/files/archiv/78/Hodnotenie-ZSR-Zvysenie-priepustnosti-BA-DS-KN_20220429.pdf,30.04.2022,718 kB
Doprava,analýza,https://www.mfsr.sk/files/archiv/20/UHP-hodnotenie-Nitra-Trnovec_20220421.pdf,21.04.2022,844 kB
Doprava,,https://www.mfsr.sk/files/archiv/53/FAQs_UHP_Trat-Trnovec.pdf,,275 kB
Doprava,analýza,https://www.mfsr.sk/files/archiv/28/hodnotenie_vfm_I75_Sala_20220412.pdf,12.04.2022,547 kB
Doprava,analýza,https://www.mfsr.sk/files/archiv/48/hodnotenie_vfm_I15_Strocin_Vranov_20220218.pdf,18.2.2022,617 kB
Doprava,analýza,https://www.mfsr.sk/files/archiv/10/hodnotenie_SSC_I51_CZ_TT_20220217.pdf,18.2.2022,413 kB
Doprava,analýza,https://www.mfsr.sk/files/archiv/25/KnK_Cadca_hranicaSR_akt_20220111_st.pdf,12.1.2022,193 kB
Doprava,analýza,https://www.mfsr.sk/files/archiv/95/doprava_vfm_hodnotenie_20220110.pdf,12.1.2022,333 kB
Doprava,analýza,https://www.mfsr.sk/files/archiv/22/Hodnotenie_ZSSK_9-DMJ-aktualizacia_20211130.pdf,30.11.2021,625 kB
Doprava,analýza,https://www.mfsr.sk/files/archiv/54/hodnotenie_vfm_I51_I76_20211118_clean.pdf,18.11.2021,447 kB
Doprava,analýza,https://www.mfsr.sk/files/archiv/56/doprava_vfm_hodnotenie_20211117.pdf,17.11.2021,464 kB
Doprava,analýza,https://www.mfsr.sk/files/archiv/36/hodnotenie_vfm_D1_aktualizacia_visnove_20211129.pdf,30.10.2021,338 kB
Doprava,analýza,https://www.mfsr.sk/files/archiv/85/kosice_obchvat_vfm_20210914_final.pdf,15.9.2021,526 kB
Doprava,analýza,https://www.mfsr.sk/files/archiv/61/stanovisko_vfm_R4_PO_II_20210827.pdf,27.8.2021,532 kB
Doprava,analýza,https://www.mfsr.sk/files/archiv/78/KnK_Cadca_hranicaSR_uhp_20210707.pdf,7.7.2021,476 kB
Doprava,analýza,https://www.mfsr.sk/files/archiv/44/stanovisko_vfm_R8_20210513.pdf,15.5.2021,506  kB
Doprava,analýza,https://www.mfsr.sk/files/archiv/38/stanovisko_vfm_rozsirenie_D1_kriz_D4_20210507.pdf,7.5.2021,711 kB
Doprava,analýza,https://www.mfsr.sk/files/archiv/29/r3_tvrdosin_nizna_vfm_poVO_20210324.pdf,31.3.2021,115  kB
Doprava,,https://www.mfsr.sk/files/archiv/30/R3_tvrdosin_nizna_aktualizacia_SU_po_VO.pdf,31.3.2021,569  kB
Doprava,analýza,https://www.mfsr.sk/files/archiv/68/Hodnotenie_ZSR_ELBAHU_20210311.pdf,11.3.2021,416  kB
Doprava,analýza,https://www.mfsr.sk/files/archiv/90/Hodnotenie_modernizaciavoz.parkuZSSKc.6a7_20201223.pdf,23.12.2020,394  kB
Doprava,analýza,https://www.mfsr.sk/files/archiv/27/stanovisko_ELZVFIL_20201127.pdf,27.11.2020,554  kB
Doprava,analýza,https://www.mfsr.sk/files/archiv/34/stanovisko_vfm_I64_20201118.pdf,21.11.2020,852  kB
Doprava,analýza,https://www.mfsr.sk/files/archiv/68/Hodnotenie_PD_JE_201111.pdf,13.11.2020,160  kB
Doprava,analýza,https://www.mfsr.sk/files/sk/financie/hodnota-za-peniaze/hodnotenie-investicnych-projektov/stanovisko_k_projektu_muran_zosuv_2020102.pdf,02.10.2020,160  kB
Doprava,analýza,https://www.mfsr.sk/files/archiv/43/Myto_UHP_hodnotenie_200909_web.pdf,09.09.2020,470  kB
Doprava,analýza,https://www.mfsr.sk/files/archiv/80/Stanovisko_modernizacia_voz_parku_ZSSK_200902.pdf,04.09.2020,257  kB
Doprava,,https://www.zssk.sk/wp-content/uploads/2020/07/%C5%A0U_projekt-Moderniz%C3%A1cia-vozov%C3%A9ho-parku-%C5%BDKV-v-r%C3%A1mci-OPII-3.-%C4%8Das%C5%A5.pdf,07.09.2020,210  kB
Doprava,analýza,https://www.mfsr.sk/files/archiv/76/stanovisko_vfm_I66-67-77_mfsr_web.pdf,03.07.2020,839  kB
Doprava,analýza,https://www.mfsr.sk/files/archiv/7/Myto_UHP_hodnotenie_20200419_web.pdf,19.04.2020,554  kB
Doprava,analýza,https://www.mfsr.sk/files/archiv/44/Cadca_hranicaSR_CEF_uhp_20200407_web.pdf,08.04.2020,493  kB
Doprava,analýza,https://www.mfsr.sk/files/archiv/65/stanovisko_visnove_mfsr_web.pdf,14.01.2020,257 kB
Doprava,analýza,https://www.mfsr.sk/files/archiv/42/r2_soroska_hodnotenieMFSR.pdf,29.12.2019,503 kB
Doprava,analýza,https://www.mfsr.sk/files/archiv/28/stanovisko_Haniska_UHP.pdf,23.8.2019,552 kB
Doprava,analýza,https://www.mfsr.sk/files/archiv/52/stanovisko_I68_vfm_20190606.pdf,12.6.2019,197 kB
Doprava,analýza,https://www.mfsr.sk/files/archiv/67/Telematika_UHP_hodnotenie_20190514_stretnutie.pdf,15.5.2019,276 kB
Doprava,analýza,https://www.mfsr.sk/files/archiv/43/Hodnotenie_UzolZA_20190305.pdf,7.3.2019,296 kB
Doprava,analýza,https://www.mfsr.sk/files/archiv/82/I-75Galanta-NoveZamky.pdf,29.1.2019,861 kB
Doprava,analýza,https://www.mfsr.sk/files/archiv/92/THU-NZ-ZSSK_hodnotenie_20190128.pdf,28.1.2019,292 kB
Doprava,,https://www.mfsr.sk/files/archiv/27/Stanovisko_TSI_20181207_MIN.pdf,14.12.2018,508 kB
Doprava,,https://www.mfsr.sk/files/archiv/uhp/3370/76/Nakup-diagnostickych-vozidiel-ZSR.pdf,,
Doprava,,https://www.mfsr.sk/files/archiv/uhp/3370/76/stanovisko_I18_I74_vfm_final.pdf,24.5.2018,962 kB
Doprava,analýza,https://www.mfsr.sk/files/archiv/uhp/3370/76/r2_mytna_vfm_20180216.pdf,16.2.2018,284 kB
Doprava,analýza,https://www.mfsr.sk/files/archiv/uhp/3370/76/R4_Presov_VfM_stanovisko_20171220.pdf,21.12.2017,775 kB
Doprava,analýza,https://www.mfsr.sk/files/archiv/uhp/3370/76/r3_tvrdosin_nizna_vfm_170620_clean.pdf,20.06.2017,930 kB
Doprava,analýza,https://www.mfsr.sk/files/archiv/uhp/3370/76/Rychlikove-vozne-ZSSK_20170505_ed.pdf,05.05.2017,216 kB
Informatizácia,hodnotenie,https://www.mfsr.sk/files/sk/financie/hodnota-za-peniaze/hodnotenia/informatizacia/hodnotenie_iinfrastruktura-efaktura.pdf,12.9.2025,181 kB
Informatizácia,,https://www.mfsr.sk/files/sk/financie/hodnota-za-peniaze/hodnotenia/informatizacia/i-02_projektovy_zamer_projekt_efa_public.pdf,,"2,26 MB"
Informatizácia,hodnotenie,https://www.mfsr.sk/files/sk/financie/hodnota-za-peniaze/hodnotenia/informatizacia/hodnotenie_netacad.pdf,20.8.2025,185 kB
Informatizácia,hodnotenie,https://www.mfsr.sk/files/sk/financie/hodnota-za-peniaze/hodnotenia/informatizacia/is_farmar_aktualizacia-hodnotenia.pdf,20.8.2025,152 kB
Informatizácia,hodnotenie,https://www.mfsr.sk/files/archiv/54/Hodnotenie_JISCD_SLA.pdf,29.7.2025,164 kB
Informatizácia,hodnotenie,https://www.mfsr.sk/files/sk/financie/hodnota-za-peniaze/hodnotenia/informatizacia/hodnotenie_cip_20250709.pdf,9.7.2025,216 kB
Informatizácia,hodnotenie,https://www.mfsr.sk/files/sk/financie/hodnota-za-peniaze/hodnotenia/informatizacia/slovensko-sk-3-0_hodnotenie_uhp_03072025.pdf,3.7.2025,161 kB
Informatizácia,hodnotenie,https://www.mfsr.sk/files/archiv/28/Aktualizacia-hodnotenia_NICL.pdf,13.6.2025,131 kB
Informatizácia,hodnotenie,https://www.mfsr.sk/files/sk/financie/hodnota-za-peniaze/hodnotenia/informatizacia/hodnotenie_kyberneticka-bezpecnost-samosprave-do-6-000-obyvatelov.pdf,4.6.2025,255 kB
Informatizácia,hodnotenie,https://www.mfsr.sk/files/sk/financie/hodnota-za-peniaze/hodnotenia/informatizacia/aktualizacia-hodnotenia_superpocitac_tuke.pdf,14.5.2025,140 kB
Informatizácia,hodnotenie,https://www.mfsr.sk/files/sk/financie/hodnota-za-peniaze/hodnotenia/informatizacia/hodnotenie_narodny_centralny_uzol_msvvam.pdf,7.5.2025,178 kB
Informatizácia,hodnotenie,https://www.mfsr.sk/files/sk/financie/hodnota-za-peniaze/hodnotenia/informatizacia/ikt_ramcova_zmluva_aktualizacia_uhp.pdf,6.5.2025,182 kB
Informatizácia,,https://www.mfsr.sk/files/sk/financie/hodnota-za-peniaze/hodnotenia/informatizacia/doplnenie-hodnotenia-ikt-ramcova-zmluva.pdf,2.6.2025,87 kB
Informatizácia,hodnotenie,https://www.mfsr.sk/files/sk/financie/hodnota-za-peniaze/hodnotenia-investicnych-projektov/it/digi_infra_skoly_aktualizacia_uhp.pdf,4.4.2025,224 kB
Informatizácia,hodnotenie,https://www.mfsr.sk/files/sk/financie/hodnota-za-peniaze/hodnotenia-investicnych-projektov/it/datove-centrum-vedu-vyskum-inovacie_hodnotenie-uhp-2025.pdf,23.1.2025,203 kB
Informatizácia,hodnotenie,https://www.mfsr.sk/files/sk/financie/hodnota-za-peniaze/hodnotenia-investicnych-projektov/it/sietova_infra_hodnotenie_uhp.pdf,16.1.2025,207 kB
Informatizácia,hodnotenie,https://www.mfsr.sk/files/sk/financie/hodnota-za-peniaze/hodnotenia-investicnych-projektov/it/narodny_cestovny_listok_hodnotenie_uhp.pdf,20.12.2024,149 kB
Informatizácia,hodnotenie,https://www.mfsr.sk/files/sk/financie/hodnota-za-peniaze/hodnotenia-investicnych-projektov/it/aktualizacia-hodnotenia_superpocitac_sav.pdf,12.12.2024,157 kB
Informatizácia,,https://csc.sav.sk/wp-content/uploads/uploaded/download/aktualne-oznamy/Formular_pred_podpisom_ZoD.PDF,,
Informatizácia,hodnotenie,https://www.mfsr.sk/files/sk/financie/hodnota-za-peniaze/hodnotenia-investicnych-projektov/it/ris_hodnotenie_uhp.pdf,3.12.2024,261 kB
Informatizácia,,https://www.mfsr.sk/files/archiv/1/RIS_SU-sprava.pdf,,
Informatizácia,hodnotenie,https://www.mfsr.sk/files/sk/financie/hodnota-za-peniaze/hodnotenia-investicnych-projektov/it/hodnotenie_dodatok_sap.pdf,20.11.2024,141 kB
Informatizácia,hodnotenie,https://www.mfsr.sk/files/sk/financie/hodnota-za-peniaze/hodnotenia-investicnych-projektov/it/is-farmar_hodnotenie_uhp.pdf,14.11.2024,171 kB
Informatizácia,hodnotenie,https://www.mfsr.sk/files/sk/financie/hodnota-za-peniaze/hodnotenia-investicnych-projektov/it/hodnotenie_msft_mpsvar.pdf,24.10.2024,152 kB
Informatizácia,hodnotenie,https://www.mfsr.sk/files/sk/financie/hodnota-za-peniaze/hodnotenia-investicnych-projektov/it/rozsirovanie-riadenia-it-aktiv-itam-2-0_hodnotenie-uhp-2024.pdf,18.10.2024,192 kB
Informatizácia,hodnotenie,https://www.mfsr.sk/files/sk/financie/hodnota-za-peniaze/hodnotenia-investicnych-projektov/it/aktualizacia_hodnotenia_ces.pdf,27.9.2024,198 kB
Informatizácia,hodnotenie,https://www.mfsr.sk/files/sk/financie/hodnota-za-peniaze/hodnotenia-investicnych-projektov/it/hodnotenie_uhp_dcom.pdf,13.9.2024,274 kB
Informatizácia,hodnotenie,https://www.mfsr.sk/files/sk/financie/hodnota-za-peniaze/hodnotenia-investicnych-projektov/it/vybudovanie_it_platformy_lepsej_regulacie_podla_strategie_ria_2020_hodnotenie_uhp_2024.pdf,13.9.2024,217 kB
Informatizácia,hodnotenie,https://www.mfsr.sk/files/sk/financie/hodnota-za-peniaze/hodnotenia-investicnych-projektov/it/hodnotenie_uhp_mv_msft.pdf,11.9.2024,163 kB
Informatizácia,hodnotenie,https://www.mfsr.sk/files/sk/financie/hodnota-za-peniaze/hodnotenia-investicnych-projektov/it/hodnotenie_uhp_mf_licencie.pdf,5.9.2024,160 kB
Informatizácia,hodnotenie,https://www.mfsr.sk/files/archiv/19/Hodnotenie_UHP_DC_MV_20240823.pdf,2.9.2024,210 kB
Informatizácia,hodnotenie,https://www.mfsr.sk/files/sk/financie/hodnota-za-peniaze/hodnotenia-investicnych-projektov/it/aktualizacia_hodnotenia_eska-cloud_mirri.pdf,19.8.2024,172 kB
Informatizácia,hodnotenie,https://www.mfsr.sk/files/sk/financie/hodnota-za-peniaze/hodnotenia-investicnych-projektov/it/ikt_ramcova_zmluva_hodnotenie_uhp_20240816.pdf,16.8.2024,178 kB
Informatizácia,hodnotenie,https://www.mfsr.sk/files/sk/financie/hodnota-za-peniaze/hodnotenia-investicnych-projektov/it/dns_microsoft_hodnotenie_uhp.pdf,17.7.2024,200 kB
Informatizácia,,https://mirri.gov.sk/wp-content/uploads/2021/06/PZ_MS_DNS_Pokracovanie_2024-2027.pdf,,
Informatizácia,hodnotenie,https://www.mfsr.sk/files/sk/financie/hodnota-za-peniaze/hodnotenia-investicnych-projektov/it/narodny_cestovny_listok_hodnotenie_uhp_final.pdf,11.7.2024,228 kB
Informatizácia,hodnotenie,https://www.mfsr.sk/files/sk/financie/hodnota-za-peniaze/hodnotenia-investicnych-projektov/it/nova_lokalita_npc_hodnotenie_uhp.pdf,21.6.2024,191 kB
Informatizácia,analýza,https://www.mfsr.sk/files/sk/financie/hodnota-za-peniaze/hodnotenia-investicnych-projektov/it/aktualizacia_hodnotenia_superpocitac_sav.pdf,21.3.2024,166 kB
Informatizácia,,https://csc.sav.sk/wp-content/uploads/Formular_priloha_zverejnenie.pdf,,
Informatizácia,analýza,https://www.mfsr.sk/files/sk/financie/hodnota-za-peniaze/hodnotenia-investicnych-projektov/it/hodnotenie_uhp_ewsaktualizacia.pdf,9.2.2024,431 kB
Informatizácia,analýza,https://www.mfsr.sk/files/archiv/88/eKolok_MF_SR_hodnotenie_UHP.pdf,26.1.2024,
Informatizácia,analýza,https://www.mfsr.sk/files/sk/financie/hodnota-za-peniaze/hodnotenia-investicnych-projektov/it/hodnotenie_uhp_ews.pdf,8.12.2023,425 kB
Informatizácia,analýza,https://www.mfsr.sk/files/archiv/31/Hodnotenie_UHP_ITMS21_akt.pdf,30.8.2023,401 kB
Informatizácia,analýza,https://www.mfsr.sk/files/archiv/19/Superpocitac_MIRRI_SR_hodnotenie_UHP.pdf,25.5.2023,247 kB
Informatizácia,analýza,https://www.mfsr.sk/files/archiv/37/Hodnotenie_UHP_UFB.pdf,21.4.2023,186 kB
Informatizácia,analýza,https://www.mfsr.sk/files/archiv/14/Hodnotenie_UHP_DeusHWAktualizacia_20230301.pdf,1.3.2023,503 kB
Informatizácia,analýza,https://www.mfsr.sk/files/archiv/88/Cloud_MIRRI_SR_hodnotenie_UHP_20230221.pdf,21.2.2023,237 kB
Informatizácia,analýza,https://www.mfsr.sk/files/archiv/47/Hodnotenie_UHP_ZVJSaktualizacia_20230209.pdf,9.2.2023,402 kB
Informatizácia,analýza,https://www.mfsr.sk/files/archiv/91/Digitalna_infrastruktura_hodnotenie_UHP_20230118.pdf,18.1.2023,225 kB
Informatizácia,analýza,https://www.mfsr.sk/files/archiv/22/Hodnotenie_UHP_DigVybavenieSkol_20230118.pdf,18.1.2023,411 kB
Informatizácia,analýza,https://www.mfsr.sk/files/archiv/33/Sanacia_NPC_hodnotenie_UHP_20221111.pdf,11.11.2022,228 kB
Informatizácia,analýza,https://www.mfsr.sk/files/archiv/92/Hodnotenie_UHP_digitalizaciaarchivov_20221110.pdf,10.11.2022,159 kB
Informatizácia,analýza,https://www.mfsr.sk/files/archiv/59/Hodnotenie_UHP_ITMS21_20221026.pdf,26.10.2022,394 kB
Informatizácia,analýza,https://www.mfsr.sk/files/archiv/96/DNS_Cloud_MIRRI_SR_hodnotenie_UHP_20221005.pdf,12.10.2022,231 kB
Informatizácia,analýza,https://www.mfsr.sk/files/archiv/2/Hodnotenie_aktualizacia_kopcianska_20221004.pdf,6.10.2022,311 kB
Informatizácia,analýza,https://www.mfsr.sk/files/archiv/61/Cloud_MF_SR_hodnotenie_UHP_20221003.pdf,5.10.2022,397 kB
Informatizácia,analýza,https://www.mfsr.sk/files/archiv/24/Hodnotenie_UHP_ISLeteckychSluzieb_20220916.pdf,16.9.2022,526 kB
Informatizácia,analýza,https://www.mfsr.sk/files/archiv/76/Hodnotenie_UHP_ObnovaHW_20220916.pdf,16.9.2022,199 kB
Informatizácia,analýza,https://www.mfsr.sk/files/archiv/94/microsoft_MVSR_hodnotenie_UHP_20211005.pdf,06.10.2021,240 kB
Informatizácia,analýza,https://www.mfsr.sk/files/archiv/61/microsoft_MOSR_hodnotenie_UHP_20210922_1300.pdf,22.9.2021,250 kB
Informatizácia,,https://www.mosr.sk/data/files/4463_210804_studia-uskutocnitelnosti.pdf,22.9.2021,246 kB
Informatizácia,analýza,https://www.mosr.sk/data/files/4461_analyza.pdf,22.9.2021,029 kB
Informatizácia,,https://www.mosr.sk/data/files/4474_210910_studia-uskutocnitelnosti-spresnenie.pdf,22.9.2021,764 kB
Informatizácia,analýza,https://www.mfsr.sk/files/archiv/83/SvM_UHP_hodnotenie_20210518.pdf,17.6.2021,156 kB
Informatizácia,analýza,https://www.mfsr.sk/files/archiv/36/microsoft_hodnotenie_UHP_20210511.pdf,12.5.2021,330  kB
Informatizácia,analýza,https://www.mfsr.sk/files/archiv/88/eCommerce_201203_web.pdf,3.12.2020,296  kB
Informatizácia,analýza,https://www.mfsr.sk/files/archiv/65/pfs_sla_hodnotenie_20200316.pdf,16.03.2020,262  kB
Informatizácia,,https://www.mfsr.sk/files/archiv/96/Dokument-PredmetSLArozvojPFS2020v_public.pdf,,1149  kB
Informatizácia,analýza,https://www.mfsr.sk/files/archiv/65/IaaS_Tajov_UHP_hodnotenie_200122.pdf,28.01.2020,330 kB
Informatizácia,analýza,https://www.mfsr.sk/files/archiv/71/RIS_SLA_hodnotenie_20191206.pdf,12.12.2019,271 kB
Informatizácia,analýza,https://www.mfsr.sk/files/archiv/37/KVC_UHP_hodnotenie_20190812_2.pdf,19.8.2019,278 kB
Informatizácia,analýza,https://www.mfsr.sk/files/archiv/86/ZDE_UHP_hodnotenie_20190701.pdf,1.7.2019,258 kB
Informatizácia,analýza,https://www.mfsr.sk/files/archiv/27/MH_SR_Krit_infra_UHP_hodnotenie_190701.pdf,1.7.2019,280 kB
Informatizácia,analýza,https://www.mfsr.sk/files/archiv/62/API_UHP_hodnotenie_20190611.pdf,11.6.2019,274 kB
Informatizácia,analýza,https://www.mfsr.sk/files/archiv/94/kyberarena_UHP_hodnotenie_20190611.pdf,11.6.2019,277 kB
Informatizácia,analýza,https://www.mfsr.sk/files/archiv/19/CSSR_UHP_hodnotenie_20190611.pdf,11.6.2019,455 kB
Informatizácia,analýza,https://www.mfsr.sk/files/archiv/35/CyberFS_UHP_hodnotenie_20190611.pdf,11.6.2019,260 kB
Informatizácia,analýza,https://www.mfsr.sk/files/archiv/76/ESO2_UHP_hodnotnie_20190611.pdf,11.6.2019,253 kB
Informatizácia,analýza,https://www.mfsr.sk/files/archiv/3/IaaS_Kopc_UHP_hodnotenie_20190611.pdf,11.6.2019,287 kB
Informatizácia,analýza,https://www.mfsr.sk/files/archiv/25/KAV_UHP_hodnotenie_190611.pdf,11.6.2019,261 kB
Informatizácia,analýza,https://www.mfsr.sk/files/archiv/34/JISSU_UHP_hodnotenie_20190611.pdf,11.6.2019,442 kB
Informatizácia,analýza,https://www.mfsr.sk/files/archiv/81/SODB21_UHP_hodnotenie_190509.pdf,16.5.2019,144 kB
Informatizácia,analýza,https://www.mfsr.sk/files/archiv/9/MODA_UHP_hodnotenie_20190423.pdf,24.4.2019,257 kB
Informatizácia,analýza,https://www.mfsr.sk/files/archiv/10/RIA_hodnotenie_UHP_2019-04-24_bez_TC.pdf,24.4.2019,463 kB
Informatizácia,analýza,https://www.mfsr.sk/files/archiv/66/MS_UHP_hodnotenie_190424.pdf,24.4.2019,266 kB
Informatizácia,analýza,https://www.mfsr.sk/files/archiv/50/PKI_FS_hodnotenie_20190408_1530.pdf,8.4.2019,230 kB
Informatizácia,analýza,https://www.mfsr.sk/files/archiv/55/SVO_UHP_hodnotenie_20190220.pdf,21.01.2019,261 kB
Informatizácia,analýza,https://www.mfsr.sk/files/archiv/4/PAMIS_UHP_hodnotenie_20190220.pdf,21.01.2019,264 kB
Informatizácia,analýza,https://www.mfsr.sk/files/archiv/83/DEI_UHP_hodnotenie_20190220_1030.pdf,21.01.2019,272 kB
Informatizácia,analýza,https://www.mfsr.sk/files/archiv/63/API_GW_UHP_hodnotenie_20190220.pdf,21.01.2019,264 kB
Informatizácia,analýza,https://www.mfsr.sk/files/archiv/34/SIZP_UHP_hodnotenie_20190215.pdf,21.01.2019,459 kB
Informatizácia,analýza,https://www.mfsr.sk/files/archiv/79/ESO1D_UHP_hodnotenie_20181215.pdf,17.12.2018,268 kB
Informatizácia,analýza,https://www.mfsr.sk/files/archiv/17/OPE_UHP_hodnotenie_20181206.pdf,17.12.2018,246 kB
Informatizácia,analýza,https://www.mfsr.sk/files/archiv/71/ZVJS_UHP_hodnotenie_181210.pdf,17.12.2018,294 kB
Informatizácia,analýza,https://www.mfsr.sk/files/archiv/uhp/3370/76/efaktura_UHP_hodnotenie_20181009_titulka.pdf,19.11.2018,246 kB
Informatizácia,analýza,https://www.mfsr.sk/files/archiv/uhp/3370/76/einkluzia_UHP_hodnotenie_20181010.pdf,10.10.2018,279 kB
Informatizácia,analýza,https://www.mfsr.sk/files/archiv/uhp/3370/76/IS_UVZ_UHP_hodnotenie_20181010.pdf,10.10.2018,314 kB
Informatizácia,analýza,https://www.mfsr.sk/files/archiv/uhp/3370/76/JPPUS_UHP_hodnotenie_20181010_final.pdf,10.10.2018,279 kB
Informatizácia,analýza,https://www.mfsr.sk/files/archiv/uhp/3370/76/Stanovisko_MVSR_projekty.pdf,25.7.2018,404 kB
Informatizácia,,https://www.mfsr.sk/files/archiv/uhp/3370/76/Hodnota-za-peniaze-projektu-ESKO-2_stanovisko-UHP.pdf,,
Informatizácia,,https://www.mfsr.sk/files/archiv/36/microsoft_stanovisko_UHP_20190815.pdf,3.7.2018,275 kB
Informatizácia,,https://www.mfsr.sk/files/archiv/uhp/3370/76/Stanovisko-UHP-MFSR-ku-hodnoteniu-IT-projektov.pdf,19.4.2018,112 kB
Informatizácia,analýza,https://www.mfsr.sk/files/archiv/uhp/3370/76/Stanovisko_PaaS_UHP_180418.pdf,19.4.2018,385 kB
Informatizácia,analýza,https://www.mfsr.sk/files/archiv/uhp/3370/76/Stanovisko_UPVS_UHP_180418.pdf,19.4.2018,543 kB
Informatizácia,analýza,https://www.mfsr.sk/files/archiv/uhp/3370/76/Stanovisko_RozvojCSRU_UHP_20180418.pdf,19.4.2018,442 kB
Informatizácia,analýza,https://www.mfsr.sk/files/archiv/uhp/3370/76/RIA_stanovisko_UHP_2018-04-18.pdf,19.4.2018,460 kB
Informatizácia,analýza,https://www.mfsr.sk/files/archiv/uhp/3370/76/ISV_stanovisko_UHP_20180228.pdf,28.2.2018,499 kB
Informatizácia,analýza,https://www.mfsr.sk/files/archiv/uhp/3370/76/Datova_integracia_stanovisko_UHP_20171211.pdf,11.12.2017,516 kB
Informatizácia,analýza,https://www.mfsr.sk/files/archiv/uhp/3370/76/Stanovisko_DCOM_UHP_20171211.pdf,11.12.2017,529 kB
Informatizácia,analýza,https://www.mfsr.sk/files/archiv/uhp/3370/76/stanovisko_ORSR_UHP_170512.pdf,12.05.2017,283 kB
Informatizácia,analýza,https://www.mfsr.sk/files/archiv/uhp/3370/76/stanovisko_CES_VfM_170503.pdf,12.05.2017,426 kB
